feature,n_unique,dom_frac,cv,missing_rate,n_deviant,dev_fail_rate,enrichment,verdict
s001,1520,0.0012812299807815502,0.02442293487368341,0.0038289725590299937,1559,0.06670942912123155,1.005131494547787,keep
s002,1504,0.0019230769230769232,0.032216558504806286,0.004467134652201659,1557,0.06551059730250482,0.9870683266637025,keep
s003,507,0.0077269800386349004,0.013411732535795402,0.008934269304403318,1541,0.06683971447112265,1.0070945440023962,keep
s004,518,0.00643915003219575,0.3163126850731659,0.008934269304403318,1543,0.06675307841866494,1.005789171942769,keep
s005,503,0.00643915003219575,13.427534837119785,0.008934269304403318,1543,0.06675307841866494,1.005789171942769,correlated: |r| > 0.95; dropped the more-missing member of the pair
s006,1,1.0,0.0,0.008934269304403318,0,,,constant: n_unique == 1
s007,510,0.00643915003219575,0.06168563339117743,0.008934269304403318,1543,0.06675307841866494,1.005789171942769,keep
s008,89,0.03530166880616174,0.07356105382597368,0.00574345883854499,1503,0.0665335994677312,1.0024822150570654,keep
s009,1208,0.003194888178913738,0.05051507156274303,0.0012763241863433313,1560,0.06474358974358975,0.9755115877712033,keep
s010,568,0.006389776357827476,17.973588057593425,0.0012763241863433313,1555,0.06623794212218649,0.9980274548602522,keep
s011,392,0.0076677316293929714,63.82198348831225,0.0012763241863433313,1553,0.0669671603348358,1.009014810045074,keep
s012,378,0.008945686900958467,0.01291234084376268,0.0012763241863433313,1551,0.0670535138620245,1.0103159252095424,keep
s013,1547,0.0012779552715654952,0.01628989622766883,0.0012763241863433313,1563,0.06653870761356366,1.0025591810620602,keep
s014,1,1.0,,0.0019144862795149968,0,,,constant: n_unique == 1
s015,1555,0.0012787723785166241,0.31054752974433203,0.0019144862795149968,1562,0.06594110115236876,0.9935548606323255,keep
s016,1561,0.0012787723785166241,0.0416888809765681,0.0019144862795149968,1562,0.06658130601792574,1.003201024327785,keep
s017,1477,0.0019181585677749361,0.2426284823667793,0.0019144862795149968,1561,0.06662395900064061,1.0038436899423446,correlated: |r| > 0.95; dropped the more-missing member of the pair
s018,281,0.012148337595907928,0.012416993244740531,0.0019144862795149968,1545,0.06601941747572816,0.9947348767737119,keep
s019,1548,0.0019181585677749361,0.014633409316712444,0.0019144862795149968,1561,0.06662395900064061,1.0038436899423446,keep
s020,361,0.012845215157353885,0.0174637181922964,0.006381620931716656,1537,0.06376057254391672,0.960700165156899,keep
s021,552,0.007657945118059987,0.011911947594154515,0.0,1555,0.06688102893890675,1.0077170418006431,keep
s022,1295,0.0025559105431309905,0.11156608486837223,0.0012763241863433313,1561,0.06598334401024984,0.9941913467698222,keep
s023,1176,0.0025559105431309905,0.10946910249901307,0.0012763241863433313,1561,0.06598334401024984,0.9941913467698222,keep
s024,1480,0.0025559105431309905,0.36259943892463087,0.0012763241863433313,1561,0.06598334401024984,0.9941913467698222,keep
s025,1494,0.0019169329073482429,9.721059070330968,0.0012763241863433313,1562,0.06594110115236876,0.9935548606323255,keep
s026,704,0.0076677316293929714,0.1475277263821381,0.0012763241863433313,1553,0.06632324533161622,0.9993127445638714,correlated: |r| > 0.95; dropped the more-missing member of the pair
s027,624,0.007028753993610224,0.09775461205590225,0.0012763241863433313,1554,0.06563706563706563,0.9889738639738639,keep
s028,1148,0.003194888178913738,0.18742566602504673,0.0012763241863433313,1560,0.06474358974358975,0.9755115877712033,keep
s029,869,0.005111821086261981,0.04980149969457371,0.0012763241863433313,1557,0.06615285806037251,0.9967454671211896,keep
s030,188,0.01853035143769968,0.17272193557020302,0.0012763241863433313,1536,0.06575520833333333,0.9907539563301282,keep
s031,842,0.0044728434504792336,0.17888866926517147,0.0012763241863433313,1558,0.06482670089858793,0.9767638491162239,keep
s032,1275,0.003194888178913738,0.14573760743552516,0.0012763241863433313,1560,0.06538461538461539,0.9851701183431953,keep
s033,338,0.004469987228607918,0.023747472668345544,0.0006381620931716656,1559,0.06606799230275817,0.9954667686386737,keep
s034,330,0.008939974457215836,0.15004626923156372,0.0006381620931716656,1552,0.06701030927835051,1.0096649484536082,keep
s035,329,0.008301404853128991,0.023379922622723568,0.0006381620931716656,1553,0.0669671603348358,1.009014810045074,correlated: |r| > 0.95; dropped the more-missing member of the pair
s036,331,0.008301404853128991,0.039884086506454704,0.0006381620931716656,1553,0.06503541532517708,0.9799086136014662,keep
s037,330,0.008301404853128991,0.023931238632199224,0.0006381620931716656,1553,0.0669671603348358,1.009014810045074,keep
s038,325,0.008939974457215836,0.0045927959750007175,0.0006381620931716656,1552,0.0663659793814433,0.9999566316415543,near-zero variance: dom_frac > 0.99 or cv < 0.01 or n_unique < 5; deviants not enriched (rescue needs n_deviant >= 5 and enrichment >= 2.0)
s039,329,0.008301404853128991,0.005144785757420981,0.0006381620931716656,1553,0.06632324533161622,0.9993127445638714,near-zero variance: dom_frac > 0.99 or cv < 0.01 or n_unique < 5; deviants not enriched (rescue needs n_deviant >= 5 and enrichment >= 2.0)
s040,333,0.008301404853128991,0.015227735454366873,0.0006381620931716656,1553,0.06503541532517708,0.9799086136014662,keep
s041,291,0.013609850939727802,0.3543623468192549,0.015315890236119975,1522,0.0683311432325887,1.0295663600525624,keep
s042,315,0.009073233959818535,0.7039601578600184,0.015315890236119975,1529,0.06801831262262917,1.02485284499673,keep
s043,1,1.0,0.0,0.0006381620931716656,0,,,constant: n_unique == 1
s044,1523,0.001277139208173691,0.017535932444680026,0.0006381620931716656,1564,0.06649616368286446,1.001918158567775,keep
s045,1376,0.0031928480204342275,0.017449378520621252,0.0006381620931716656,1561,0.06662395900064061,1.0038436899423446,keep
s046,1520,0.001277139208173691,0.057401432056199526,0.0006381620931716656,1564,0.06585677749360613,0.9922843301200078,keep
s047,1562,0.001277139208173691,0.016588204598826966,0.0006381620931716656,1564,0.06649616368286446,1.001918158567775,keep
s048,1341,0.002554278416347382,0.1609878183842376,0.0006381620931716656,1562,0.06594110115236876,0.9935548606323255,keep
s049,1486,0.0019157088122605363,0.03232248910646329,0.0006381620931716656,1563,0.06653870761356366,1.0025591810620602,keep
s050,1,1.0,0.0,0.0006381620931716656,0,,,constant: n_unique == 1
s051,1520,0.001277139208173691,0.013671693155484891,0.0006381620931716656,1564,0.06649616368286446,1.001918158567775,keep
s052,1562,0.001277139208173691,0.3870202299304045,0.0006381620931716656,1564,0.06649616368286446,1.001918158567775,keep
s053,1,1.0,,0.0006381620931716656,0,,,constant: n_unique == 1
s054,153,0.03134996801023673,0.011963850344388361,0.0025526483726866626,1514,0.06605019815059446,0.9951986586728993,keep
s055,169,0.021753039027511197,0.01231381482041008,0.0025526483726866626,1529,0.06409417920209287,0.9657267193238417,keep
s056,107,0.026231605886116442,0.009015324115750447,0.0025526483726866626,1522,0.06701708278580815,1.0097670069746285,near-zero variance: dom_frac > 0.99 or cv < 0.01 or n_unique < 5; deviants not enriched (rescue needs n_deviant >= 5 and enrichment >= 2.0)
s057,187,0.022392834293026232,0.007328811367737525,0.0025526483726866626,1528,0.06413612565445026,0.9663587394281111,near-zero variance: dom_frac > 0.99 or cv < 0.01 or n_unique < 5; deviants not enriched (rescue needs n_deviant >= 5 and enrichment >= 2.0)
s058,159,0.027511196417146513,0.004399374246999722,0.0025526483726866626,1520,0.06578947368421052,0.9912702429149798,near-zero variance: dom_frac > 0.99 or cv < 0.01 or n_unique < 5; deviants not enriched (rescue needs n_deviant >= 5 and enrichment >= 2.0)
s059,382,0.010236724248240563,0.018525800146090586,0.0025526483726866626,1547,0.06528765352294764,0.9837091641390285,keep
s060,1500,0.0019230769230769232,3.220081765726834,0.004467134652201659,1557,0.06679511881824021,1.006422607578677,keep
s061,1498,0.0019218449711723255,0.016972362117625366,0.0038289725590299937,1558,0.06675224646983312,1.0057766367137355,keep
s062,1418,0.0019218449711723255,0.026371784830461504,0.0038289725590299937,1558,0.06675224646983312,1.0057766367137355,keep
s063,1518,0.0012812299807815502,0.07406737372027716,0.0038289725590299937,1559,0.06670942912123155,1.005131494547787,keep
s064,1534,0.0019230769230769232,0.5089278246223595,0.004467134652201659,1557,0.06615285806037251,0.9967454671211896,keep
s065,1496,0.0019230769230769232,0.24230557067607914,0.004467134652201659,1557,0.06679511881824021,1.006422607578677,keep
s066,1550,0.001282051282051282,0.26248531263104036,0.004467134652201659,1558,0.06675224646983312,1.0057766367137355,keep
s067,1559,0.0012812299807815502,0.01644770916846029,0.0038289725590299937,1559,0.06670942912123155,1.005131494547787,keep
s068,1306,0.0025624599615631004,18.396298723950185,0.0038289725590299937,1557,0.06679511881824021,1.006422607578677,keep
s069,1479,0.0019218449711723255,0.028758578720224297,0.0038289725590299937,1558,0.06675224646983312,1.0057766367137355,keep
s070,1,1.0,0.0,0.0038289725590299937,0,,,constant: n_unique == 1
s071,1533,0.0019218449711723255,0.015408115620500273,0.0038289725590299937,1558,0.06675224646983312,1.0057766367137355,keep
s072,1557,0.0012812299807815502,0.3033853348115556,0.0038289725590299937,1559,0.06670942912123155,1.005131494547787,keep
s073,773,0.00129366106080207,0.12229510064655419,0.5067007019783025,772,0.08678756476683938,1.3076549422080512,missing: NaN fraction > 0.5
s074,770,0.00258732212160414,0.03766905350519189,0.5067007019783025,771,0.08819714656290532,1.3288935448468524,missing: NaN fraction > 0.5
s075,2,0.9993593850096092,39.509492530276795,0.0038289725590299937,1,0.0,0.0,near-zero variance: dom_frac > 0.99 or cv < 0.01 or n_unique < 5; deviants not enriched (rescue needs n_deviant >= 5 and enrichment >= 2.0)
s076,675,0.005184705119896306,3.2293232547604656,0.015315890236119975,1535,0.06644951140065146,1.0012152342771234,keep
s077,891,0.004536616979909268,1.1297293268343964,0.015315890236119975,1536,0.06770833333333333,1.0201822916666667,keep
s078,842,0.004536616979909268,4.454820904123021,0.015315890236119975,1536,0.06770833333333333,1.0201822916666667,keep
s079,995,0.0038885288399222295,3.5090359533553164,0.015315890236119975,1537,0.06766428106701367,1.0195185426154847,keep
s080,691,0.005832793259883344,6.673643482720262,0.015315890236119975,1534,0.06714471968709257,1.0116901514391736,keep
s081,922,0.004536616979909268,2.6564455283774,0.015315890236119975,1536,0.06770833333333333,1.0201822916666667,keep
s082,580,0.010369410239792612,0.8046543160103,0.015315890236119975,1527,0.06679764243614932,1.0064606317062115,keep
s083,888,0.0038885288399222295,5.9578772078823725,0.015315890236119975,1537,0.06701366297983084,1.0097154797057206,keep
s084,1506,0.0019157088122605363,0.06927627093459937,0.0006381620931716656,1563,0.06653870761356366,1.0025591810620602,keep
s085,180,0.01864951768488746,0.037948919359799584,0.007657945118059987,1526,0.0674967234600262,1.016993900594818,keep
s086,97,0.03982300884955752,0.025964208121690566,0.8557753669432036,217,0.05069124423963134,0.7637805742644453,missing: NaN fraction > 0.5
s087,472,0.008934269304403318,0.01554282176074916,0.0,1553,0.06632324533161622,0.9993127445638714,keep
s088,249,0.02488832163369496,0.013077745009482758,0.0,1528,0.06740837696335078,1.0156627567458718,keep
s089,973,0.003190810465858328,0.029614347472979648,0.0,1562,0.06658130601792574,1.003201024327785,keep
s090,650,0.005936675461741424,0.2775408977809969,0.03254626675175495,1507,0.0683477106834771,1.0298159869327752,keep
s091,1513,0.0013192612137203166,0.04489515794805078,0.03254626675175495,1514,0.06737120211360634,1.0151026318463572,keep
s092,1191,0.037155669442664956,35.93790153379938,0.0038289725590299937,1503,0.06520292747837658,0.9824325707559242,keep
s093,180,0.025559105431309903,6.374074016454972,0.0012763241863433313,1525,0.06491803278688525,0.9781399747793191,keep
s094,174,0.027476038338658148,5.568494965810494,0.0012763241863433313,1522,0.06701708278580815,1.0097670069746285,keep
s095,22,0.31518257527226134,5.9741630276591815,0.0038289725590299937,1069,0.06454630495790459,0.972539037202274,correlated: |r| > 0.95; dropped the more-missing member of the pair
s096,14,0.4336963484945548,1.7393900430549103,0.0038289725590299937,884,0.07692307692307693,1.1590236686390534,keep
s097,1333,0.03779628443305574,12.820846449656164,0.0038289725590299937,1502,0.06524633821571238,0.9830866536925126,keep
s098,1,1.0,,0.0038289725590299937,0,,,constant: n_unique == 1
s099,1420,0.037155669442664956,23.541733633213536,0.0038289725590299937,1503,0.06520292747837658,0.9824325707559242,keep
s100,272,0.042921204356181936,40.73780381155806,0.0038289725590299937,1494,0.06492637215528782,0.9782656266090002,correlated: |r| > 0.95; dropped the more-missing member of the pair
s101,35,0.1825752722613709,16.716649849198713,0.0038289725590299937,1276,0.06583072100313479,0.9918917289606944,keep
s102,29,0.29212043561819345,30.496465933902087,0.0038289725590299937,1105,0.0669683257918552,1.0090323703445876,keep
s103,1066,0.03779628443305574,56.49320277248337,0.0038289725590299937,1502,0.06524633821571238,0.9830866536925126,keep
s104,153,0.021725239616613417,0.3130581134545194,0.0012763241863433313,1531,0.0659699542782495,0.9939895995578556,keep
s105,55,0.07220447284345048,58.13794844674646,0.0012763241863433313,1452,0.06887052341597796,1.0376933672388218,keep
s106,177,0.05573350416399744,6.431852617434459,0.0038289725590299937,1474,0.06512890094979647,0.9813171902724142,correlated: |r| > 0.95; dropped the more-missing member of the pair
s107,180,0.057655349135169766,5.538033485146035,0.0038289725590299937,1471,0.06526172671651938,0.9833185169690949,correlated: |r| > 0.95; dropped the more-missing member of the pair
s108,1159,0.03779628443305574,49.534979488215775,0.0038289725590299937,1502,0.06524633821571238,0.9830866536925126,keep
s109,1183,0.03779628443305574,8.041616979842843,0.0038289725590299937,1502,0.06524633821571238,0.9830866536925126,keep
s110,96,0.03460837887067395,0.00887240327029645,0.6496490108487556,530,0.052830188679245285,0.7960087082728593,missing: NaN fraction > 0.5
s111,546,0.0036429872495446266,0.01855625483391964,0.6496490108487556,547,0.054844606946983544,0.8263605681338771,missing: NaN fraction > 0.5
s112,545,0.0036429872495446266,0.00908173551752194,0.6496490108487556,547,0.054844606946983544,0.8263605681338771,missing: NaN fraction > 0.5
s113,249,0.014084507042253521,0.10696273318846,0.4562858966177409,840,0.08452380952380953,1.2735462454212456,keep
s114,468,0.007657945118059987,0.012833257590918424,0.0,1555,0.06688102893890675,1.0077170418006431,keep
s115,20,0.9859604339502234,13.61408111773236,0.0,22,0.13636363636363635,2.054632867132867,correlated: |r| > 0.95; dropped the more-missing member of the pair
s116,1567,0.0006381620931716656,0.06549412820531647,0.0,1566,0.06641123882503193,1.000638569604087,keep
s117,136,0.0797702616464582,0.009620318413245753,0.0,1442,0.06934812760055478,1.0448895764429744,near-zero variance: dom_frac > 0.99 or cv < 0.01 or n_unique < 5; deviants not enriched (rescue needs n_deviant >= 5 and enrichment >= 2.0)
s118,1527,0.0012763241863433313,0.11061959950081814,0.0,1565,0.06645367412140575,1.0012779552715656,correlated: |r| > 0.95; dropped the more-missing member of the pair
s119,328,0.009073233959818535,0.01353836817417207,0.015315890236119975,1529,0.06736429038587312,1.0149984907179153,keep
s120,249,0.02297383535417996,0.009217936884670049,0.0,1531,0.06727629000653168,1.013672561925338,near-zero variance: dom_frac > 0.99 or cv < 0.01 or n_unique < 5; deviants not enriched (rescue needs n_deviant >= 5 and enrichment >= 2.0)
s121,1269,0.0025526483726866626,0.019696892466290576,0.0,1563,0.06589891234804862,0.9929191889364634,keep
s122,54,0.06033376123234917,0.00630634617485699,0.00574345883854499,1464,0.0662568306010929,0.9983120533837748,near-zero variance: dom_frac > 0.99 or cv < 0.01 or n_unique < 5; deviants not enriched (rescue needs n_deviant >= 5 and enrichment >= 2.0)
s123,309,0.010269576379974325,0.2319215277243814,0.00574345883854499,1542,0.06679636835278858,1.0064414347001895,correlated: |r| > 0.95; dropped the more-missing member of the pair
s124,50,0.055198973042362,0.006842530968193195,0.00574345883854499,1472,0.06453804347826086,0.9724145589464883,near-zero variance: dom_frac > 0.99 or cv < 0.01 or n_unique < 5; deviants not enriched (rescue needs n_deviant >= 5 and enrichment >= 2.0)
s125,59,0.08023106546854943,0.007226706271052241,0.00574345883854499,1433,0.06699232379623168,1.0093939556605294,near-zero variance: dom_frac > 0.99 or cv < 0.01 or n_unique < 5; deviants not enriched (rescue needs n_deviant >= 5 and enrichment >= 2.0)
s126,155,0.03080872913992298,0.2367638594106523,0.00574345883854499,1510,0.06688741721854305,1.0078132959755477,keep
s127,273,0.012195121951219513,0.09214679508210306,0.00574345883854499,1539,0.06562703053931124,0.9888226620682761,keep
s128,324,0.011553273427471117,0.208810397689853,0.00574345883854499,1540,0.06688311688311688,1.0077485014985015,keep
s129,268,0.013478818998716302,0.0827567222184067,0.00574345883854499,1537,0.06701366297983084,1.0097154797057206,keep
s130,93,0.11360718870346598,2.202122730724133,0.00574345883854499,1381,0.06154960173787111,0.9273867877235002,keep
s131,310,0.010911424903722721,0.1107837225177989,0.00574345883854499,1541,0.06683971447112265,1.0070945440023962,keep
s132,68,0.04813863928112965,0.002255519718075093,0.00574345883854499,1483,0.06810519217801753,1.0261618859899373,near-zero variance: dom_frac > 0.99 or cv < 0.01 or n_unique < 5; deviants not enriched (rescue needs n_deviant >= 5 and enrichment >= 2.0)
s133,306,0.010262989095574085,0.02293714881474147,0.005105296745373325,1543,0.06740116655865197,1.015554115359689,keep
s134,336,0.006414368184733804,0.006511375056727902,0.005105296745373325,1549,0.06649451258876694,1.001893281024979,near-zero variance: dom_frac > 0.99 or cv < 0.01 or n_unique < 5; deviants not enriched (rescue needs n_deviant >= 5 and enrichment >= 2.0)
s135,335,0.007055805003207184,0.07591586399623285,0.005105296745373325,1548,0.06589147286821706,0.9928070960047706,keep
s136,134,0.023687580025608196,0.48782778078383593,0.003190810465858328,1525,0.06819672131147542,1.0275409836065574,correlated: |r| > 0.95; dropped the more-missing member of the pair
s137,1089,0.003843689942344651,0.39010015118321,0.0038289725590299937,1555,0.06688102893890675,1.0077170418006431,correlated: |r| > 0.95; dropped the more-missing member of the pair
s138,1059,0.003205128205128205,0.4258844155573524,0.004467134652201659,1555,0.06623794212218649,0.9980274548602522,correlated: |r| > 0.95; dropped the more-missing member of the pair
s139,348,0.016097875080489377,0.21431787904114633,0.008934269304403318,1528,0.06740837696335078,1.0156627567458718,correlated: |r| > 0.95; dropped the more-missing member of the pair
s140,518,0.00643915003219575,0.6317693984212638,0.008934269304403318,1543,0.06675307841866494,1.005789171942769,correlated: |r| > 0.95; dropped the more-missing member of the pair
s141,498,0.00643915003219575,19.4387596449543,0.008934269304403318,1543,0.06675307841866494,1.005789171942769,correlated: |r| > 0.95; dropped the more-missing member of the pair
s142,1,1.0,,0.008934269304403318,0,,,constant: n_unique == 1
s143,374,0.0103026400515132,0.5348520090150514,0.008934269304403318,1537,0.06506180871828236,0.9803062909764275,correlated: |r| > 0.95; dropped the more-missing member of the pair
s144,63,0.06418485237483953,0.3074290224317281,0.00574345883854499,1458,0.06721536351165981,1.0127545636804898,correlated: |r| > 0.95; dropped the more-missing member of the pair
s145,961,0.0038338658146964857,0.511155312146166,0.0012763241863433313,1559,0.06670942912123155,1.005131494547787,correlated: |r| > 0.95; dropped the more-missing member of the pair
s146,656,0.006389776357827476,0.41716436567440884,0.0012763241863433313,1555,0.06623794212218649,0.9980274548602522,correlated: |r| > 0.95; dropped the more-missing member of the pair
s147,579,0.0076677316293929714,0.3971000737612155,0.0012763241863433313,1553,0.0669671603348358,1.009014810045074,correlated: |r| > 0.95; dropped the more-missing member of the pair
s148,294,0.012140575079872205,1.5578039684139284,0.0012763241863433313,1546,0.06597671410090557,0.9940914518857599,correlated: |r| > 0.95; dropped the more-missing member of the pair
s149,1551,0.0012779552715654952,2.2122476527820853,0.0012763241863433313,1563,0.06653870761356366,1.0025591810620602,correlated: |r| > 0.95; dropped the more-missing member of the pair
s150,1,1.0,,0.0019144862795149968,0,,,constant: n_unique == 1
s151,1443,0.0025575447570332483,0.47574334865186774,0.0019144862795149968,1560,0.06602564102564103,0.9948286489151874,correlated: |r| > 0.95; dropped the more-missing member of the pair
s152,1498,0.0012787723785166241,2.206994530625984,0.0019144862795149968,1562,0.06658130601792574,1.003201024327785,correlated: |r| > 0.95; dropped the more-missing member of the pair
s153,1394,0.0025575447570332483,19.52320126476194,0.0019144862795149968,1560,0.06666666666666667,1.0044871794871795,correlated: |r| > 0.95; dropped the more-missing member of the pair
s154,219,0.017263427109974423,0.783607937270983,0.0019144862795149968,1537,0.06636304489264802,0.9999124167959563,correlated: |r| > 0.95; dropped the more-missing member of the pair
s155,1551,0.0012787723785166241,0.6805973959321069,0.0019144862795149968,1562,0.06658130601792574,1.003201024327785,correlated: |r| > 0.95; dropped the more-missing member of the pair
s156,65,0.05073859987154785,2.213110972333262,0.006381620931716656,1478,0.06495263870094722,0.9786613927344645,correlated: |r| > 0.95; dropped the more-missing member of the pair
s157,722,0.00574345883854499,1.362995823714772,0.0,1558,0.06675224646983312,1.0057766367137355,correlated: |r| > 0.95; dropped the more-missing member of the pair
s158,128,0.014492753623188406,0.8393630841541756,0.9119336311423102,136,0.058823529411764705,0.8863122171945702,missing: NaN fraction > 0.5
s159,138,0.007246376811594203,0.39133219991228113,0.9119336311423102,137,0.058394160583941604,0.879842784952274,missing: NaN fraction > 0.5
s160,954,0.0044728434504792336,1.113701966892861,0.0012763241863433313,1558,0.06546854942233633,0.9864347783153946,correlated: |r| > 0.95; dropped the more-missing member of the pair
s161,744,0.005750798722044728,1.0350452709503823,0.0012763241863433313,1556,0.06555269922879177,0.9877026893415068,correlated: |r| > 0.95; dropped the more-missing member of the pair
s162,1411,0.0019169329073482429,1.042390193466829,0.0012763241863433313,1562,0.06594110115236876,0.9935548606323255,correlated: |r| > 0.95; dropped the more-missing member of the pair
s163,1325,0.003194888178913738,1.3661367663057324,0.0012763241863433313,1560,0.06602564102564103,0.9948286489151874,correlated: |r| > 0.95; dropped the more-missing member of the pair
s164,260,0.0134185303514377,0.870079159749042,0.0012763241863433313,1544,0.06606217616580311,0.9953791351135911,correlated: |r| > 0.95; dropped the more-missing member of the pair
s165,219,0.020447284345047924,1.8956456865034326,0.0012763241863433313,1533,0.06588388780169602,0.9926928094736314,correlated: |r| > 0.95; dropped the more-missing member of the pair
s166,404,0.011501597444089457,1.6162222818664427,0.0012763241863433313,1547,0.06593406593406594,0.9934488588334743,correlated: |r| > 0.95; dropped the more-missing member of the pair
s167,62,0.05750798722044728,0.4015071237887121,0.0012763241863433313,1475,0.06576271186440678,0.9908670143415907,correlated: |r| > 0.95; dropped the more-missing member of the pair
s168,31,0.09648562300319488,0.5120373429319472,0.0012763241863433313,1414,0.06789250353606789,1.022957240779023,correlated: |r| > 0.95; dropped the more-missing member of the pair
s169,207,0.014696485623003195,0.38295701533657994,0.0012763241863433313,1542,0.0654993514915694,0.9868988825700888,correlated: |r| > 0.95; dropped the more-missing member of the pair
s170,652,0.005750798722044728,0.49423348486832025,0.0012763241863433313,1556,0.06619537275064268,0.9973860490409334,correlated: |r| > 0.95; dropped the more-missing member of the pair
s171,331,0.008301404853128991,0.23010520499924073,0.0006381620931716656,1553,0.06503541532517708,0.9799086136014662,correlated: |r| > 0.95; dropped the more-missing member of the pair
s172,306,0.010217113665389528,0.5062700863916135,0.0006381620931716656,1550,0.06709677419354838,1.0109677419354839,correlated: |r| > 0.95; dropped the more-missing member of the pair
s173,307,0.008939974457215836,0.2225561396244148,0.0006381620931716656,1552,0.06701030927835051,1.0096649484536082,correlated: |r| > 0.95; dropped the more-missing member of the pair
s174,319,0.012132822477650063,0.16614943401722845,0.0006381620931716656,1547,0.06658047834518423,1.0031885535279201,correlated: |r| > 0.95; dropped the more-missing member of the pair
s175,308,0.011494252873563218,0.22256808336761283,0.0006381620931716656,1548,0.0665374677002584,1.002540498906778,correlated: |r| > 0.95; dropped the more-missing member of the pair
s176,327,0.009578544061302681,0.1495059352527268,0.0006381620931716656,1551,0.0670535138620245,1.0103159252095424,correlated: |r| > 0.95; dropped the more-missing member of the pair
s177,319,0.011494252873563218,0.3061395865048644,0.0006381620931716656,1548,0.06718346253229975,1.0122739018087856,correlated: |r| > 0.95; dropped the more-missing member of the pair
s178,250,0.0140485312899106,0.7166456439399063,0.0006381620931716656,1544,0.06735751295336788,1.0148963730569949,correlated: |r| > 0.95; dropped the more-missing member of the pair
s179,1,1.0,,0.015315890236119975,0,,,constant: n_unique == 1
s180,1,1.0,,0.0006381620931716656,0,,,constant: n_unique == 1
s181,890,0.004469987228607918,0.17417491739975086,0.0006381620931716656,1559,0.0654265554842848,0.9858020427295605,correlated: |r| > 0.95; dropped the more-missing member of the pair
s182,687,0.005747126436781609,0.41041334606119967,0.0006381620931716656,1557,0.06615285806037251,0.9967454671211896,correlated: |r| > 0.95; dropped the more-missing member of the pair
s183,905,0.0038314176245210726,0.38625611539353977,0.0006381620931716656,1560,0.06666666666666667,1.0044871794871795,correlated: |r| > 0.95; dropped the more-missing member of the pair
s184,1508,0.0019157088122605363,0.2564066327435633,0.0006381620931716656,1563,0.06589891234804862,0.9929191889364634,correlated: |r| > 0.95; dropped the more-missing member of the pair
s185,1054,0.0038314176245210726,0.7609527026135465,0.0006381620931716656,1560,0.06602564102564103,0.9948286489151874,correlated: |r| > 0.95; dropped the more-missing member of the pair
s186,739,0.005108556832694764,0.9759670569499084,0.0006381620931716656,1558,0.06675224646983312,1.0057766367137355,correlated: |r| > 0.95; dropped the more-missing member of the pair
s187,1,1.0,,0.0006381620931716656,0,,,constant: n_unique == 1
s188,1015,0.0038314176245210726,0.4800274631252355,0.0006381620931716656,1560,0.06666666666666667,1.0044871794871795,correlated: |r| > 0.95; dropped the more-missing member of the pair
s189,1550,0.001277139208173691,0.5024569173973474,0.0006381620931716656,1564,0.06649616368286446,1.001918158567775,correlated: |r| > 0.95; dropped the more-missing member of the pair
s190,1,1.0,,0.0006381620931716656,0,,,constant: n_unique == 1
s191,1,1.0,,0.0025526483726866626,0,,,constant: n_unique == 1
s192,1,1.0,,0.0025526483726866626,0,,,constant: n_unique == 1
s193,1,1.0,,0.0025526483726866626,0,,,constant: n_unique == 1
s194,1,1.0,,0.0025526483726866626,0,,,constant: n_unique == 1
s195,1,1.0,,0.0025526483726866626,0,,,constant: n_unique == 1
s196,206,0.023032629558541268,1.3765529977008146,0.0025526483726866626,1527,0.06548788474132286,0.9867261095158936,correlated: |r| > 0.95; dropped the more-missing member of the pair
s197,867,0.0038461538461538464,1.809397412504601,0.004467134652201659,1554,0.06563706563706563,0.9889738639738639,correlated: |r| > 0.95; dropped the more-missing member of the pair
s198,898,0.005124919923126201,0.5251736414675225,0.0038289725590299937,1553,0.06632324533161622,0.9993127445638714,correlated: |r| > 0.95; dropped the more-missing member of the pair
s199,773,0.005765534913516977,0.964738061531602,0.0038289725590299937,1552,0.06701030927835051,1.0096649484536082,correlated: |r| > 0.95; dropped the more-missing member of the pair
s200,920,0.005765534913516977,1.4260731537664837,0.0038289725590299937,1552,0.06701030927835051,1.0096649484536082,correlated: |r| > 0.95; dropped the more-missing member of the pair
s201,1008,0.0038461538461538464,0.493785428435219,0.004467134652201659,1554,0.06692406692406692,1.0083655083655083,keep
s202,861,0.0038461538461538464,0.6511367760543915,0.004467134652201659,1554,0.06563706563706563,0.9889738639738639,keep
s203,1470,0.0019230769230769232,1.437781537622139,0.004467134652201659,1557,0.06679511881824021,1.006422607578677,correlated: |r| > 0.95; dropped the more-missing member of the pair
s204,1501,0.0019218449711723255,0.5806442670641487,0.0038289725590299937,1558,0.06675224646983312,1.0057766367137355,correlated: |r| > 0.95; dropped the more-missing member of the pair
s205,1210,0.0032030749519538757,17.53983104890649,0.0038289725590299937,1556,0.06619537275064268,0.9973860490409334,correlated: |r| > 0.95; dropped the more-missing member of the pair
s206,841,0.004484304932735426,1.2752406095558644,0.0038289725590299937,1554,0.06692406692406692,1.0083655083655083,correlated: |r| > 0.95; dropped the more-missing member of the pair
s207,2,0.9993593850096092,39.50949253027683,0.0038289725590299937,1,0.0,0.0,near-zero variance: dom_frac > 0.99 or cv < 0.01 or n_unique < 5; deviants not enriched (rescue needs n_deviant >= 5 and enrichment >= 2.0)
s208,1046,0.004484304932735426,0.8587262322226515,0.0038289725590299937,1554,0.06563706563706563,0.9889738639738639,correlated: |r| > 0.95; dropped the more-missing member of the pair
s209,1549,0.0019218449711723255,0.38309431105658,0.0038289725590299937,1558,0.06675224646983312,1.0057766367137355,correlated: |r| > 0.95; dropped the more-missing member of the pair
s210,2,0.9993593850096092,39.50949253027678,0.0038289725590299937,1,0.0,0.0,near-zero variance: dom_frac > 0.99 or cv < 0.01 or n_unique < 5; deviants not enriched (rescue needs n_deviant >= 5 and enrichment >= 2.0)
s211,798,0.005184705119896306,0.47334912482840513,0.015315890236119975,1535,0.06775244299674267,1.0208469055374594,keep
s212,653,0.0064808813998703824,0.44058078148818797,0.015315890236119975,1533,0.06718851924331376,1.0123500928295448,correlated: |r| > 0.95; dropped the more-missing member of the pair
s213,681,0.0064808813998703824,0.6139678502488689,0.015315890236119975,1533,0.06784083496412263,1.0221787345075015,correlated: |r| > 0.95; dropped the more-missing member of the pair
s214,810,0.005184705119896306,0.8787564630418956,0.015315890236119975,1535,0.06775244299674267,1.0208469055374594,correlated: |r| > 0.95; dropped the more-missing member of the pair
s215,803,0.005832793259883344,0.677996048454497,0.015315890236119975,1534,0.06714471968709257,1.0116901514391736,correlated: |r| > 0.95; dropped the more-missing member of the pair
s216,823,0.005184705119896306,0.3754129968374783,0.015315890236119975,1535,0.06775244299674267,1.0208469055374594,correlated: |r| > 0.95; dropped the more-missing member of the pair
s217,728,0.005184705119896306,0.3086154447739469,0.015315890236119975,1535,0.06775244299674267,1.0208469055374594,correlated: |r| > 0.95; dropped the more-missing member of the pair
s218,836,0.004536616979909268,0.6460977666662695,0.015315890236119975,1536,0.06770833333333333,1.0201822916666667,correlated: |r| > 0.95; dropped the more-missing member of the pair
s219,1539,0.0019157088122605363,0.31033987263348256,0.0006381620931716656,1563,0.06589891234804862,0.9929191889364634,correlated: |r| > 0.95; dropped the more-missing member of the pair
s220,64,0.052733118971061095,0.5058687252763019,0.007657945118059987,1473,0.0658520027155465,0.992212387069821,correlated: |r| > 0.95; dropped the more-missing member of the pair
s221,69,0.03982300884955752,0.21589520414783642,0.8557753669432036,217,0.04608294930875576,0.6943459766040412,missing: NaN fraction > 0.5
s222,408,0.012125079770261647,0.38383016030559974,0.0,1548,0.0665374677002584,1.002540498906778,correlated: |r| > 0.95; dropped the more-missing member of the pair
s223,178,0.041480536056158264,6.341183699739735,0.0,1502,0.0692410119840213,1.0432756324900132,correlated: |r| > 0.95; dropped the more-missing member of the pair
s224,973,0.003190810465858328,0.4489828427052181,0.0,1562,0.06658130601792574,1.003201024327785,correlated: |r| > 0.95; dropped the more-missing member of the pair
s225,720,0.005277044854881266,1.19943922323373,0.03254626675175495,1508,0.06763925729442971,1.01914150173434,correlated: |r| > 0.95; dropped the more-missing member of the pair
s226,1472,0.0013192612137203166,0.41608696488102304,0.03254626675175495,1514,0.06803170409511229,1.0250546184330862,correlated: |r| > 0.95; dropped the more-missing member of the pair
s227,1,1.0,,0.0038289725590299937,0,,,constant: n_unique == 1
s228,329,0.012779552715654952,0.5623888001494383,0.0012763241863433313,1545,0.06731391585760518,1.0142394822006473,correlated: |r| > 0.95; dropped the more-missing member of the pair
s229,292,0.0134185303514377,0.6021425634806442,0.0012763241863433313,1544,0.0667098445595855,1.005137754085293,correlated: |r| > 0.95; dropped the more-missing member of the pair
s230,1,1.0,,0.0038289725590299937,0,,,constant: n_unique == 1
s231,1,1.0,,0.0038289725590299937,0,,,constant: n_unique == 1
s232,1,1.0,,0.0038289725590299937,0,,,constant: n_unique == 1
s233,1,1.0,,0.0038289725590299937,0,,,constant: n_unique == 1
s234,1,1.0,,0.0038289725590299937,0,,,constant: n_unique == 1
s235,1,1.0,,0.0038289725590299937,0,,,constant: n_unique == 1
s236,1,1.0,,0.0038289725590299937,0,,,constant: n_unique == 1
s237,1,1.0,,0.0038289725590299937,0,,,constant: n_unique == 1
s238,1,1.0,,0.0038289725590299937,0,,,constant: n_unique == 1
s239,93,0.03386581469648562,0.35437597250968034,0.0012763241863433313,1512,0.06613756613756613,0.996515059015059,correlated: |r| > 0.95; dropped the more-missing member of the pair
s240,80,0.03769968051118211,0.3150689538563003,0.0012763241863433313,1506,0.06573705179282868,0.9904803861477168,correlated: |r| > 0.95; dropped the more-missing member of the pair
s241,1,1.0,,0.0038289725590299937,0,,,constant: n_unique == 1
s242,1,1.0,,0.0038289725590299937,0,,,constant: n_unique == 1
s243,1,1.0,,0.0038289725590299937,0,,,constant: n_unique == 1
s244,1,1.0,,0.0038289725590299937,0,,,constant: n_unique == 1
s245,66,0.058287795992714025,14.703299273568193,0.6496490108487556,517,0.058027079303675046,0.8743118583544115,missing: NaN fraction > 0.5
s246,539,0.0036429872495446266,2.5065362831945186,0.6496490108487556,547,0.054844606946983544,0.8263605681338771,missing: NaN fraction > 0.5
s247,547,0.0036429872495446266,2.421236141232875,0.6496490108487556,547,0.054844606946983544,0.8263605681338771,missing: NaN fraction > 0.5
s248,490,0.011737089201877934,1.2530578660445686,0.4562858966177409,842,0.08432304038004751,1.270521194957062,correlated: |r| > 0.95; dropped the more-missing member of the pair
s249,426,0.008934269304403318,1.9560066598862276,0.0,1553,0.06567933032839665,0.9896106790826689,correlated: |r| > 0.95; dropped the more-missing member of the pair
s250,23,0.9859604339502234,14.805190826022502,0.0,22,0.13636363636363635,2.054632867132867,correlated: |r| > 0.95; dropped the more-missing member of the pair
s251,1566,0.0012763241863433313,0.4979187656626567,0.0,1565,0.065814696485623,0.9916502826247237,correlated: |r| > 0.95; dropped the more-missing member of the pair
s252,143,0.10721123165283983,8.745423212057856,0.0,1399,0.06433166547533953,0.9693049980755485,correlated: |r| > 0.95; dropped the more-missing member of the pair
s253,1533,0.0012763241863433313,13.854287251092629,0.0,1565,0.06645367412140575,1.0012779552715656,correlated: |r| > 0.95; dropped the more-missing member of the pair
s254,442,0.007777057679844459,0.6751255179193061,0.015315890236119975,1531,0.06662312214239059,1.0038310807415967,correlated: |r| > 0.95; dropped the more-missing member of the pair
s255,291,0.01723037651563497,0.6549526810603843,0.0,1540,0.06688311688311688,1.0077485014985015,correlated: |r| > 0.95; dropped the more-missing member of the pair
s256,1317,0.0025526483726866626,0.29796887302174707,0.0,1563,0.06653870761356366,1.0025591810620602,correlated: |r| > 0.95; dropped the more-missing member of the pair
s257,1,1.0,,0.00574345883854499,0,,,constant: n_unique == 1
s258,1,1.0,,0.00574345883854499,0,,,constant: n_unique == 1
s259,1,1.0,,0.00574345883854499,0,,,constant: n_unique == 1
s260,1,1.0,,0.00574345883854499,0,,,constant: n_unique == 1
s261,1,1.0,,0.00574345883854499,0,,,constant: n_unique == 1
s262,1,1.0,,0.00574345883854499,0,,,constant: n_unique == 1
s263,1,1.0,,0.00574345883854499,0,,,constant: n_unique == 1
s264,1,1.0,,0.00574345883854499,0,,,constant: n_unique == 1
s265,1,1.0,,0.00574345883854499,0,,,constant: n_unique == 1
s266,1,1.0,,0.00574345883854499,0,,,constant: n_unique == 1
s267,1,1.0,,0.00574345883854499,0,,,constant: n_unique == 1
s268,291,0.01731879409878127,0.42003070360165884,0.005105296745373325,1532,0.06788511749347259,1.022845953002611,correlated: |r| > 0.95; dropped the more-missing member of the pair
s269,333,0.008338678640153944,0.37654581547934446,0.005105296745373325,1546,0.0666235446313066,1.0038374465120907,correlated: |r| > 0.95; dropped the more-missing member of the pair
s270,330,0.010262989095574085,0.3050211883052269,0.005105296745373325,1543,0.06740116655865197,1.015554115359689,correlated: |r| > 0.95; dropped the more-missing member of the pair
s271,599,0.006402048655569782,0.28714727306557974,0.003190810465858328,1552,0.06572164948453608,0.9902483148295005,keep
s272,1559,0.0012812299807815502,0.3879235185243225,0.0038289725590299937,1559,0.06670942912123155,1.005131494547787,correlated: |r| > 0.95; dropped the more-missing member of the pair
s273,1557,0.001282051282051282,0.429499006387473,0.004467134652201659,1558,0.06611039794608473,0.9961057075145651,correlated: |r| > 0.95; dropped the more-missing member of the pair
s274,518,0.00643915003219575,0.1898030714842928,0.008934269304403318,1543,0.06675307841866494,1.005789171942769,keep
s275,518,0.00643915003219575,0.6281184303343585,0.008934269304403318,1543,0.06675307841866494,1.005789171942769,keep
s276,458,0.0103026400515132,19.434634529494357,0.008934269304403318,1537,0.06636304489264802,0.9999124167959563,keep
s277,1,1.0,,0.008934269304403318,0,,,constant: n_unique == 1
s278,512,0.008370895041854474,0.5411920203746415,0.008934269304403318,1540,0.06493506493506493,0.9783966033966034,correlated: |r| > 0.95; dropped the more-missing member of the pair
s279,22,0.15789473684210525,0.3042922898208679,0.00574345883854499,1312,0.06097560975609756,0.9187382739212008,keep
s280,541,0.007028753993610224,0.49417223421204326,0.0012763241863433313,1554,0.064993564993565,0.9792780417780419,correlated: |r| > 0.95; dropped the more-missing member of the pair
s281,246,0.014057507987220448,0.3594972820167069,0.0012763241863433313,1543,0.06740116655865197,1.015554115359689,keep
s282,227,0.01597444089456869,0.36739499986834756,0.0012763241863433313,1540,0.06623376623376623,0.9979645354645355,keep
s283,114,0.022364217252396165,1.4819070003284431,0.0012763241863433313,1530,0.0673202614379085,1.0143350930115635,correlated: |r| > 0.95; dropped the more-missing member of the pair
s284,1515,0.0019169329073482429,2.0914253503350815,0.0012763241863433313,1562,0.06658130601792574,1.003201024327785,correlated: |r| > 0.95; dropped the more-missing member of the pair
s285,1,1.0,,0.0019144862795149968,0,,,constant: n_unique == 1
s286,1527,0.0019181585677749361,0.4542526935848241,0.0019144862795149968,1561,0.06598334401024984,0.9941913467698222,keep
s287,1540,0.0012787723785166241,2.291969112080254,0.0019144862795149968,1562,0.06658130601792574,1.003201024327785,correlated: |r| > 0.95; dropped the more-missing member of the pair
s288,1076,0.005115089514066497,20.097290411395015,0.0019144862795149968,1556,0.06683804627249357,1.0070694087403598,correlated: |r| > 0.95; dropped the more-missing member of the pair
s289,87,0.034526854219948847,0.748305746263735,0.0019144862795149968,1510,0.06754966887417219,1.0177916454406521,correlated: |r| > 0.95; dropped the more-missing member of the pair
s290,1522,0.0019181585677749361,0.6270828357249258,0.0019144862795149968,1561,0.06662395900064061,1.0038436899423446,correlated: |r| > 0.95; dropped the more-missing member of the pair
s291,324,0.012845215157353885,2.195525155230561,0.006381620931716656,1537,0.06571242680546518,0.9901093538861918,correlated: |r| > 0.95; dropped the more-missing member of the pair
s292,354,0.013401403956604978,1.2821704477145024,0.0,1546,0.06403622250970246,0.964853468006767,correlated: |r| > 0.95; dropped the more-missing member of the pair
s293,92,0.028985507246376812,0.7933794175260439,0.9119336311423102,134,0.05970149253731343,0.899540757749713,missing: NaN fraction > 0.5
s294,138,0.007246376811594203,0.41034721637096544,0.9119336311423102,137,0.058394160583941604,0.879842784952274,missing: NaN fraction > 0.5
s295,1562,0.0012779552715654952,1.1872388355980854,0.0012763241863433313,1563,0.06589891234804862,0.9929191889364634,keep
s296,1561,0.0012779552715654952,1.1206786169099052,0.0012763241863433313,1563,0.06589891234804862,0.9929191889364634,keep
s297,1565,0.0006389776357827476,1.0510225355314402,0.0012763241863433313,1564,0.06585677749360613,0.9922843301200078,keep
s298,1559,0.003194888178913738,1.3773634706642357,0.0012763241863433313,1560,0.06602564102564103,0.9948286489151874,keep
s299,725,0.006389776357827476,1.0065887983464161,0.0012763241863433313,1555,0.06623794212218649,0.9980274548602522,keep
s300,626,0.007028753993610224,2.170769013972046,0.0012763241863433313,1554,0.06628056628056628,0.9986696861696862,correlated: |r| > 0.95; dropped the more-missing member of the pair
s301,967,0.005111821086261981,1.8511209037326577,0.0012763241863433313,1557,0.06615285806037251,0.9967454671211896,keep
s302,1134,0.0044728434504792336,0.36475654222466086,0.0012763241863433313,1558,0.06611039794608473,0.9961057075145651,keep
s303,569,0.0076677316293929714,0.4896932319243503,0.0012763241863433313,1553,0.06632324533161622,0.9993127445638714,keep
s304,509,0.0076677316293929714,0.35967361125789593,0.0012763241863433313,1553,0.06632324533161622,0.9993127445638714,keep
s305,1105,0.003194888178913738,0.4911351633717257,0.0012763241863433313,1560,0.06602564102564103,0.9948286489151874,correlated: |r| > 0.95; dropped the more-missing member of the pair
s306,314,0.01277139208173691,0.2166245778474857,0.0006381620931716656,1546,0.0646830530401035,0.9745994626330979,correlated: |r| > 0.95; dropped the more-missing member of the pair
s307,262,0.012132822477650063,0.5223844079076848,0.0006381620931716656,1547,0.06658047834518423,1.0031885535279201,correlated: |r| > 0.95; dropped the more-missing member of the pair
s308,286,0.009578544061302681,0.21305805967642985,0.0006381620931716656,1551,0.0670535138620245,1.0103159252095424,correlated: |r| > 0.95; dropped the more-missing member of the pair
s309,293,0.010217113665389528,0.15380506145168385,0.0006381620931716656,1550,0.06516129032258064,0.9818052109181141,correlated: |r| > 0.95; dropped the more-missing member of the pair
s310,290,0.009578544061302681,0.21307660477652918,0.0006381620931716656,1551,0.0670535138620245,1.0103159252095424,correlated: |r| > 0.95; dropped the more-missing member of the pair
s311,310,0.008939974457215836,0.14260735325732835,0.0006381620931716656,1552,0.0663659793814433,0.9999566316415543,correlated: |r| > 0.95; dropped the more-missing member of the pair
s312,276,0.012132822477650063,0.2958177163254515,0.0006381620931716656,1547,0.06658047834518423,1.0031885535279201,correlated: |r| > 0.95; dropped the more-missing member of the pair
s313,307,0.010217113665389528,0.7329905650264121,0.0006381620931716656,1550,0.06580645161290323,0.9915260545905709,correlated: |r| > 0.95; dropped the more-missing member of the pair
s314,1,1.0,,0.015315890236119975,0,,,constant: n_unique == 1
s315,1,1.0,,0.015315890236119975,0,,,constant: n_unique == 1
s316,1,1.0,,0.0006381620931716656,0,,,constant: n_unique == 1
s317,1533,0.0019157088122605363,0.17042548100481536,0.0006381620931716656,1563,0.06525911708253358,0.9832791968108666,keep
s318,1160,0.0038314176245210726,0.4193519628799476,0.0006381620931716656,1560,0.06538461538461539,0.9851701183431953,correlated: |r| > 0.95; dropped the more-missing member of the pair
s319,1535,0.001277139208173691,0.38131623672435383,0.0006381620931716656,1564,0.06649616368286446,1.001918158567775,correlated: |r| > 0.95; dropped the more-missing member of the pair
s320,1550,0.001277139208173691,0.27527145832977407,0.0006381620931716656,1564,0.06585677749360613,0.9922843301200078,correlated: |r| > 0.95; dropped the more-missing member of the pair
s321,550,0.007662835249042145,0.7397019774943823,0.0006381620931716656,1554,0.06628056628056628,0.9986696861696862,correlated: |r| > 0.95; dropped the more-missing member of the pair
s322,1511,0.001277139208173691,0.9351808420206191,0.0006381620931716656,1564,0.06649616368286446,1.001918158567775,correlated: |r| > 0.95; dropped the more-missing member of the pair
s323,1,1.0,,0.0006381620931716656,0,,,constant: n_unique == 1
s324,1536,0.0019157088122605363,0.4670245282807219,0.0006381620931716656,1563,0.06653870761356366,1.0025591810620602,correlated: |r| > 0.95; dropped the more-missing member of the pair
s325,1560,0.001277139208173691,0.49623194888428024,0.0006381620931716656,1564,0.06649616368286446,1.001918158567775,keep
s326,1,1.0,,0.0006381620931716656,0,,,constant: n_unique == 1
s327,1,1.0,,0.0025526483726866626,0,,,constant: n_unique == 1
s328,1,1.0,,0.0025526483726866626,0,,,constant: n_unique == 1
s329,1,1.0,,0.0025526483726866626,0,,,constant: n_unique == 1
s330,1,1.0,,0.0025526483726866626,0,,,constant: n_unique == 1
s331,1,1.0,,0.0025526483726866626,0,,,constant: n_unique == 1
s332,313,0.016634676903390915,0.7620219469768997,0.0025526483726866626,1537,0.06701366297983084,1.0097154797057206,correlated: |r| > 0.95; dropped the more-missing member of the pair
s333,1517,0.001282051282051282,2.1766953772162885,0.004467134652201659,1558,0.06675224646983312,1.0057766367137355,correlated: |r| > 0.95; dropped the more-missing member of the pair
s334,1527,0.0012812299807815502,0.5475418790613972,0.0038289725590299937,1559,0.06670942912123155,1.005131494547787,correlated: |r| > 0.95; dropped the more-missing member of the pair
s335,1145,0.003843689942344651,1.0268387941703487,0.0038289725590299937,1555,0.06688102893890675,1.0077170418006431,correlated: |r| > 0.95; dropped the more-missing member of the pair
s336,1526,0.0012812299807815502,1.6870979896686396,0.0038289725590299937,1559,0.06670942912123155,1.005131494547787,keep
s337,1532,0.001282051282051282,0.7760713914313171,0.004467134652201659,1558,0.06675224646983312,1.0057766367137355,keep
s338,1517,0.001282051282051282,0.7301603604629098,0.004467134652201659,1558,0.06675224646983312,1.0057766367137355,keep
s339,1520,0.001282051282051282,1.858394534156614,0.004467134652201659,1558,0.06675224646983312,1.0057766367137355,keep
s340,1543,0.0019218449711723255,0.6511662024879677,0.0038289725590299937,1558,0.06675224646983312,1.0057766367137355,correlated: |r| > 0.95; dropped the more-missing member of the pair
s341,761,0.0064061499039077515,17.837484840090223,0.0038289725590299937,1551,0.0670535138620245,1.0103159252095424,keep
s342,1517,0.0019218449711723255,1.3425242422172452,0.0038289725590299937,1558,0.06675224646983312,1.0057766367137355,correlated: |r| > 0.95; dropped the more-missing member of the pair
s343,2,0.9993593850096092,39.5094925302768,0.0038289725590299937,1,0.0,0.0,near-zero variance: dom_frac > 0.99 or cv < 0.01 or n_unique < 5; deviants not enriched (rescue needs n_deviant >= 5 and enrichment >= 2.0)
s344,1541,0.0012812299807815502,0.8666319122059183,0.0038289725590299937,1559,0.06670942912123155,1.005131494547787,correlated: |r| > 0.95; dropped the more-missing member of the pair
s345,1551,0.0012812299807815502,0.3831315433967214,0.0038289725590299937,1559,0.06670942912123155,1.005131494547787,keep
s346,767,0.00258732212160414,2.2005702816993535,0.5067007019783025,771,0.08819714656290532,1.3288935448468524,missing: NaN fraction > 0.5
s347,762,0.00258732212160414,2.9595964943149586,0.5067007019783025,771,0.08819714656290532,1.3288935448468524,missing: NaN fraction > 0.5
s348,2,0.9993593850096092,39.50949253027684,0.0038289725590299937,1,0.0,0.0,near-zero variance: dom_frac > 0.99 or cv < 0.01 or n_unique < 5; deviants not enriched (rescue needs n_deviant >= 5 and enrichment >= 2.0)
s349,357,0.01101749837977965,0.48015153542362327,0.015315890236119975,1526,0.0674967234600262,1.016993900594818,keep
s350,373,0.009721322099805573,0.4198918275546731,0.015315890236119975,1528,0.06609947643979057,0.9959411498187676,keep
s351,435,0.011665586519766688,0.6174299384547534,0.015315890236119975,1525,0.06819672131147542,1.0275409836065574,keep
s352,499,0.0064808813998703824,0.8904689003598975,0.015315890236119975,1533,0.06718851924331376,1.0123500928295448,keep
s353,354,0.01101749837977965,0.5633371550418454,0.015315890236119975,1526,0.06815203145478375,1.026867627785059,keep
s354,563,0.007777057679844459,0.3843062566676384,0.015315890236119975,1531,0.06792945787067277,1.0235140431090792,keep
s355,486,0.007777057679844459,0.3117268005746907,0.015315890236119975,1531,0.06662312214239059,1.0038310807415967,keep
s356,572,0.005832793259883344,0.6457640790326821,0.015315890236119975,1534,0.06714471968709257,1.0116901514391736,keep
s357,1473,0.001277139208173691,0.2979432325674534,0.0006381620931716656,1564,0.06585677749360613,0.9922843301200078,keep
s358,28,0.13311897106109324,0.5015049657459213,0.007657945118059987,1348,0.06899109792284866,1.0395101004336909,correlated: |r| > 0.95; dropped the more-missing member of the pair
s359,20,0.13274336283185842,0.1615720353035947,0.8557753669432036,196,0.05612244897959184,0.8456142072213502,missing: NaN fraction > 0.5
s360,215,0.018506700701978303,0.3596963644336833,0.0,1538,0.06566970091027308,0.989465589676903,correlated: |r| > 0.95; dropped the more-missing member of the pair
s361,97,0.11295469049138482,6.792360164271744,0.0,1390,0.0683453237410072,1.0297800221361373,correlated: |r| > 0.95; dropped the more-missing member of the pair
s362,972,0.003190810465858328,0.42708660158385525,0.0,1562,0.06658130601792574,1.003201024327785,correlated: |r| > 0.95; dropped the more-missing member of the pair
s363,389,0.013192612137203167,1.177400568319432,0.03254626675175495,1496,0.06684491978609626,1.0071729740847388,keep
s364,1516,0.0006596306068601583,0.4164229392008604,0.03254626675175495,1515,0.06798679867986798,1.0243780147245494,correlated: |r| > 0.95; dropped the more-missing member of the pair
s365,1,1.0,,0.0038289725590299937,0,,,constant: n_unique == 1
s366,120,0.03578274760383387,0.5109155983531158,0.0012763241863433313,1509,0.06626905235255136,0.9984962022735383,keep
s367,107,0.04281150159744409,0.4949007577257927,0.0012763241863433313,1498,0.06475300400534045,0.9756534353496971,keep
s368,113,0.048046124279308135,0.7153129437319977,0.0038289725590299937,1486,0.06662180349932706,1.0038112123408223,keep
s369,97,0.04868673926969891,0.6642289763794087,0.0038289725590299937,1485,0.06531986531986532,0.9841945091945092,keep
s370,1,1.0,,0.0038289725590299937,0,,,constant: n_unique == 1
s371,1,1.0,,0.0038289725590299937,0,,,constant: n_unique == 1
s372,1,1.0,,0.0038289725590299937,0,,,constant: n_unique == 1
s373,1,1.0,,0.0038289725590299937,0,,,constant: n_unique == 1
s374,1,1.0,,0.0038289725590299937,0,,,constant: n_unique == 1
s375,1,1.0,,0.0038289725590299937,0,,,constant: n_unique == 1
s376,1,1.0,,0.0038289725590299937,0,,,constant: n_unique == 1
s377,36,0.09137380191693291,0.3337954989862846,0.0012763241863433313,1422,0.06751054852320675,1.0172022070756248,keep
s378,31,0.10287539936102237,0.2970202551142607,0.0012763241863433313,1404,0.0641025641025641,0.965853057199211,keep
s379,1,1.0,,0.0038289725590299937,0,,,constant: n_unique == 1
s380,1,1.0,,0.0038289725590299937,0,,,constant: n_unique == 1
s381,1,1.0,,0.0038289725590299937,0,,,constant: n_unique == 1
s382,1,1.0,,0.0038289725590299937,0,,,constant: n_unique == 1
s383,29,0.15482695810564662,14.646552381026707,0.6496490108487556,464,0.05603448275862069,0.8442887931034483,missing: NaN fraction > 0.5
s384,525,0.00546448087431694,2.478596888717085,0.6496490108487556,546,0.054945054945054944,0.8278740490278952,missing: NaN fraction > 0.5
s385,536,0.0036429872495446266,2.464842391817957,0.6496490108487556,547,0.054844606946983544,0.8263605681338771,missing: NaN fraction > 0.5
s386,232,0.025821596244131457,1.2571658631819043,0.4562858966177409,830,0.0855421686746988,1.2888901760889713,keep
s387,191,0.019783024888321635,1.8703687787036305,0.0,1536,0.06575520833333333,0.9907539563301282,correlated: |r| > 0.95; dropped the more-missing member of the pair
s388,22,0.9859604339502234,14.707086440769642,0.0,22,0.13636363636363635,2.054632867132867,keep
s389,1564,0.0012763241863433313,0.4900286890531908,0.0,1565,0.06645367412140575,1.0012779552715656,correlated: |r| > 0.95; dropped the more-missing member of the pair
s390,92,0.31652839821314616,8.82876162445257,0.0,1071,0.06909430438842204,1.0410651440063206,correlated: |r| > 0.95; dropped the more-missing member of the pair
s391,1458,0.0019144862795149968,14.195737299698338,0.0,1564,0.06649616368286446,1.001918158567775,correlated: |r| > 0.95; dropped the more-missing member of the pair
s392,183,0.01814646791963707,0.6149791005948821,0.015315890236119975,1515,0.066006600660066,0.9945417618684945,correlated: |r| > 0.95; dropped the more-missing member of the pair
s393,109,0.042118698149329926,0.6520368135557603,0.0,1501,0.06595602931379081,0.993779787833752,correlated: |r| > 0.95; dropped the more-missing member of the pair
s394,953,0.004467134652201659,0.2866529304027394,0.0,1560,0.06666666666666667,1.0044871794871795,correlated: |r| > 0.95; dropped the more-missing member of the pair
s395,1,1.0,,0.00574345883854499,0,,,constant: n_unique == 1
s396,1,1.0,,0.00574345883854499,0,,,constant: n_unique == 1
s397,1,1.0,,0.00574345883854499,0,,,constant: n_unique == 1
s398,1,1.0,,0.00574345883854499,0,,,constant: n_unique == 1
s399,1,1.0,,0.00574345883854499,0,,,constant: n_unique == 1
s400,1,1.0,,0.00574345883854499,0,,,constant: n_unique == 1
s401,1,1.0,,0.00574345883854499,0,,,constant: n_unique == 1
s402,1,1.0,,0.00574345883854499,0,,,constant: n_unique == 1
s403,1,1.0,,0.00574345883854499,0,,,constant: n_unique == 1
s404,1,1.0,,0.00574345883854499,0,,,constant: n_unique == 1
s405,1,1.0,,0.00574345883854499,0,,,constant: n_unique == 1
s406,228,0.01860166773572803,0.44317950666791656,0.005105296745373325,1530,0.06797385620915032,1.0241830065359476,correlated: |r| > 0.95; dropped the more-missing member of the pair
s407,335,0.006414368184733804,0.4204048680156288,0.005105296745373325,1549,0.06649451258876694,1.001893281024979,correlated: |r| > 0.95; dropped the more-missing member of the pair
s408,331,0.007055805003207184,0.2960324116493823,0.005105296745373325,1548,0.06718346253229975,1.0122739018087856,keep
s409,593,0.006402048655569782,0.4827093331559332,0.003190810465858328,1552,0.06572164948453608,0.9902483148295005,keep
s410,1548,0.0012812299807815502,0.38792059510535365,0.0038289725590299937,1559,0.06670942912123155,1.005131494547787,keep
s411,1545,0.001282051282051282,0.43068162718603076,0.004467134652201659,1558,0.06611039794608473,0.9961057075145651,keep
s412,509,0.0070830650354153256,0.2108012104607156,0.008934269304403318,1542,0.06744487678339818,1.01621271076524,keep
s413,518,0.00643915003219575,0.5956919260972374,0.008934269304403318,1543,0.06675307841866494,1.005789171942769,keep
s414,518,0.00643915003219575,1.8470712516440617,0.008934269304403318,1543,0.06675307841866494,1.005789171942769,keep
s415,1,1.0,,0.008934269304403318,0,,,constant: n_unique == 1
s416,513,0.00643915003219575,0.5969839729267202,0.008934269304403318,1543,0.06675307841866494,1.005789171942769,keep
s417,510,0.006418485237483954,0.30415016286551605,0.00574345883854499,1548,0.0665374677002584,1.002540498906778,keep
s418,1551,0.0019169329073482429,0.4950020703960961,0.0012763241863433313,1562,0.06594110115236876,0.9935548606323255,keep
s419,1051,0.3271565495207668,0.8983487458535387,0.0012763241863433313,1053,0.06172839506172839,0.9300807217473884,keep
s420,851,0.4549520766773163,1.053022142305532,0.0012763241863433313,853,0.07620164126611957,1.1481535756154748,keep
s421,1514,0.0019169329073482429,1.678887156687282,0.0012763241863433313,1562,0.06658130601792574,1.003201024327785,keep
s422,1534,0.0012779552715654952,1.6562022473628024,0.0012763241863433313,1563,0.06653870761356366,1.0025591810620602,keep
s423,1,1.0,,0.0019144862795149968,0,,,constant: n_unique == 1
s424,1563,0.0012787723785166241,0.4197366174569777,0.0019144862795149968,1562,0.06658130601792574,1.003201024327785,keep
s425,1529,0.0012787723785166241,1.90783444757472,0.0019144862795149968,1562,0.06658130601792574,1.003201024327785,keep
s426,1540,0.0012787723785166241,3.4221080483912134,0.0019144862795149968,1562,0.06594110115236876,0.9935548606323255,correlated: |r| > 0.95; dropped the more-missing member of the pair
s427,1481,0.0019181585677749361,0.8069165043158834,0.0019144862795149968,1561,0.06662395900064061,1.0038436899423446,keep
s428,1538,0.0012787723785166241,0.7495734562937397,0.0019144862795149968,1562,0.06658130601792574,1.003201024327785,correlated: |r| > 0.95; dropped the more-missing member of the pair
s429,404,0.006422607578676943,2.5191580912965623,0.006381620931716656,1547,0.06528765352294764,0.9837091641390285,keep
s430,1542,0.0019144862795149968,1.5425771033184281,0.0,1564,0.06649616368286446,1.001918158567775,keep
s431,1551,0.0044728434504792336,1.957489270664265,0.0012763241863433313,1558,0.06418485237483953,0.9670929199170534,correlated: |r| > 0.95; dropped the more-missing member of the pair
s432,1553,0.0044728434504792336,1.6278249921920493,0.0012763241863433313,1558,0.06418485237483953,0.9670929199170534,keep
s433,1503,0.03642172523961661,1.2699176948055637,0.0012763241863433313,1508,0.0656498673740053,0.9891667516833299,keep
s434,1371,0.1194888178913738,1.0985774349577935,0.0012763241863433313,1378,0.0660377358490566,0.9950108853410741,keep
s435,1537,0.0044728434504792336,2.314984406426435,0.0012763241863433313,1558,0.06418485237483953,0.9670929199170534,correlated: |r| > 0.95; dropped the more-missing member of the pair
s436,1524,0.0044728434504792336,3.667806582435754,0.0012763241863433313,1558,0.06418485237483953,0.9670929199170534,correlated: |r| > 0.95; dropped the more-missing member of the pair
s437,1539,0.0044728434504792336,4.599571264117239,0.0012763241863433313,1558,0.06418485237483953,0.9670929199170534,keep
s438,1495,0.0012779552715654952,0.4011351051749958,0.0012763241863433313,1563,0.06525911708253358,0.9832791968108666,keep
s439,967,0.007028753993610224,0.6235355666801906,0.0012763241863433313,1554,0.064993564993565,0.9792780417780419,keep
s440,1550,0.0012779552715654952,0.5432338096002807,0.0012763241863433313,1563,0.06589891234804862,0.9929191889364634,keep
s441,1557,0.0012779552715654952,0.5352369226310579,0.0012763241863433313,1563,0.06589891234804862,0.9929191889364634,keep
s442,325,0.008301404853128991,0.22966847216478206,0.0006381620931716656,1553,0.06632324533161622,0.9993127445638714,keep
s443,335,0.008939974457215836,0.4900132335345389,0.0006381620931716656,1552,0.0663659793814433,0.9999566316415543,keep
s444,330,0.008939974457215836,0.22644383935461024,0.0006381620931716656,1552,0.06507731958762887,0.9805399980174466,correlated: |r| > 0.95; dropped the more-missing member of the pair
s445,325,0.009578544061302681,0.17375896451966377,0.0006381620931716656,1551,0.06640876853642812,1.0006013490056045,keep
s446,329,0.008301404853128991,0.21828833275538778,0.0006381620931716656,1553,0.0669671603348358,1.009014810045074,keep
s447,338,0.004469987228607918,0.14992147214966367,0.0006381620931716656,1559,0.06606799230275817,0.9954667686386737,keep
s448,317,0.008939974457215836,0.3067122854474628,0.0006381620931716656,1552,0.06701030927835051,1.0096649484536082,keep
s449,326,0.008301404853128991,0.7110941279221688,0.0006381620931716656,1553,0.0669671603348358,1.009014810045074,keep
s450,1,1.0,,0.015315890236119975,0,,,constant: n_unique == 1
s451,1,1.0,,0.015315890236119975,0,,,constant: n_unique == 1
s452,1,1.0,,0.0006381620931716656,0,,,constant: n_unique == 1
s453,1518,0.0019157088122605363,0.1719147339773744,0.0006381620931716656,1563,0.06653870761356366,1.0025591810620602,keep
s454,1550,0.001277139208173691,0.41216192497210236,0.0006381620931716656,1564,0.06649616368286446,1.001918158567775,keep
s455,1555,0.001277139208173691,0.38809750084998035,0.0006381620931716656,1564,0.06649616368286446,1.001918158567775,keep
s456,1527,0.0019157088122605363,0.25803318677983245,0.0006381620931716656,1563,0.06653870761356366,1.0025591810620602,keep
s457,1551,0.001277139208173691,0.6592636133579017,0.0006381620931716656,1564,0.06585677749360613,0.9922843301200078,keep
s458,1547,0.001277139208173691,0.8620867624726409,0.0006381620931716656,1564,0.06585677749360613,0.9922843301200078,keep
s459,1,1.0,,0.0006381620931716656,0,,,constant: n_unique == 1
s460,1518,0.0019157088122605363,0.47406485790077235,0.0006381620931716656,1563,0.06653870761356366,1.0025591810620602,keep
s461,1564,0.001277139208173691,0.4567250056641976,0.0006381620931716656,1564,0.06649616368286446,1.001918158567775,keep
s462,1,1.0,,0.0006381620931716656,0,,,constant: n_unique == 1
s463,1,1.0,,0.0025526483726866626,0,,,constant: n_unique == 1
s464,1,1.0,,0.0025526483726866626,0,,,constant: n_unique == 1
s465,1,1.0,,0.0025526483726866626,0,,,constant: n_unique == 1
s466,1,1.0,,0.0025526483726866626,0,,,constant: n_unique == 1
s467,1,1.0,,0.0025526483726866626,0,,,constant: n_unique == 1
s468,417,0.005758157389635317,1.3873317264647893,0.0025526483726866626,1554,0.06628056628056628,0.9986696861696862,keep
s469,1317,0.1564102564102564,1.0294141859997041,0.004467134652201659,1316,0.07218844984802432,1.087685585690905,keep
s470,1514,0.0012812299807815502,0.5566092839733784,0.0038289725590299937,1559,0.06670942912123155,1.005131494547787,keep
s471,1547,0.0012812299807815502,0.9283899317509402,0.0038289725590299937,1559,0.06670942912123155,1.005131494547787,keep
s472,1552,0.0012812299807815502,1.055538078252796,0.0038289725590299937,1559,0.06670942912123155,1.005131494547787,keep
s473,1560,0.000641025641025641,0.345917708556463,0.004467134652201659,1559,0.06670942912123155,1.005131494547787,keep
s474,1558,0.001282051282051282,0.5695891393884823,0.004467134652201659,1558,0.06675224646983312,1.0057766367137355,keep
s475,1559,0.001282051282051282,0.659534103649068,0.004467134652201659,1558,0.06675224646983312,1.0057766367137355,keep
s476,1526,0.0019218449711723255,0.6125815937730665,0.0038289725590299937,1558,0.06675224646983312,1.0057766367137355,keep
s477,1559,0.0012812299807815502,0.7420760469023241,0.0038289725590299937,1559,0.06670942912123155,1.005131494547787,keep
s478,1537,0.0012812299807815502,1.6275413775910128,0.0038289725590299937,1559,0.06670942912123155,1.005131494547787,keep
s479,2,0.9993593850096092,39.509492530276816,0.0038289725590299937,1,0.0,0.0,near-zero variance: dom_frac > 0.99 or cv < 0.01 or n_unique < 5; deviants not enriched (rescue needs n_deviant >= 5 and enrichment >= 2.0)
s480,1507,0.0019218449711723255,0.803622145636926,0.0038289725590299937,1558,0.06675224646983312,1.0057766367137355,keep
s481,1560,0.0012812299807815502,0.4733039178497521,0.0038289725590299937,1559,0.06670942912123155,1.005131494547787,keep
s482,1,1.0,,0.0038289725590299937,0,,,constant: n_unique == 1
s483,1062,0.3123784834737524,0.8825221176495995,0.015315890236119975,1061,0.06314797360980208,0.9514699485246141,keep
s484,1402,0.08943616331821128,0.9336778409700655,0.015315890236119975,1405,0.0711743772241993,1.0724062414453874,keep
s485,1324,0.13998703823720027,0.9899562422790517,0.015315890236119975,1327,0.0640542577241899,0.965125210132746,keep
s486,1358,0.11924821775761503,1.0874055787948205,0.015315890236119975,1359,0.06328182487122884,0.9534867266655346,keep
s487,1039,0.32663642255346725,0.9499444439721626,0.015315890236119975,1039,0.08084696823869104,1.2181461464425853,keep
s488,1199,0.22294232015554116,1.1018240836157234,0.015315890236119975,1199,0.07339449541284404,1.1058574453069867,keep
s489,1314,0.14841218405703174,0.7147815483451762,0.015315890236119975,1314,0.06012176560121765,0.9058731413183468,keep
s490,1344,0.1270252754374595,0.8378842163760054,0.015315890236119975,1347,0.07126948775055679,1.0738393010107932,keep
s491,1562,0.001277139208173691,0.35145453628088996,0.0006381620931716656,1564,0.06649616368286446,1.001918158567775,keep
s492,472,0.00707395498392283,0.5012061745423959,0.007657945118059987,1544,0.0667098445595855,1.005137754085293,keep
s493,226,0.004424778761061947,0.21530712192642837,0.8557753669432036,225,0.04888888888888889,0.7366239316239317,missing: NaN fraction > 0.5
s494,572,0.007019783024888321,0.3849527393251983,0.0,1556,0.06683804627249357,1.0070694087403598,keep
s495,894,0.004467134652201659,6.916467834279714,0.0,1560,0.06666666666666667,1.0044871794871795,keep
s496,964,0.003190810465858328,0.47886352804467863,0.0,1562,0.06658130601792574,1.003201024327785,keep
s497,1510,0.0013192612137203166,0.8244047306177759,0.03254626675175495,1514,0.06803170409511229,1.0250546184330862,keep
s498,1509,0.0013192612137203166,0.41930753924012293,0.03254626675175495,1514,0.06803170409511229,1.0250546184330862,keep
s499,1,1.0,,0.0038289725590299937,0,,,constant: n_unique == 1
s500,703,0.544408945686901,1.2339530580776357,0.0012763241863433313,713,0.0546984572230014,0.8241584852734923,keep
s501,648,0.5808306709265175,1.340366689005149,0.0012763241863433313,656,0.06707317073170732,1.010612101313321,keep
s502,1,1.0,,0.0038289725590299937,0,,,constant: n_unique == 1
s503,1,1.0,,0.0038289725590299937,0,,,constant: n_unique == 1
s504,1,1.0,,0.0038289725590299937,0,,,constant: n_unique == 1
s505,1,1.0,,0.0038289725590299937,0,,,constant: n_unique == 1
s506,1,1.0,,0.0038289725590299937,0,,,constant: n_unique == 1
s507,1,1.0,,0.0038289725590299937,0,,,constant: n_unique == 1
s508,1,1.0,,0.0038289725590299937,0,,,constant: n_unique == 1
s509,1,1.0,,0.0038289725590299937,0,,,constant: n_unique == 1
s510,1,1.0,,0.0038289725590299937,0,,,constant: n_unique == 1
s511,1498,0.0025559105431309905,0.6759211653001287,0.0012763241863433313,1561,0.06662395900064061,1.0038436899423446,keep
s512,586,0.5239616613418531,1.1945261589550364,0.0012763241863433313,745,0.07785234899328859,1.1730252968508004,keep
s513,1,1.0,,0.0038289725590299937,0,,,constant: n_unique == 1
s514,1,1.0,,0.0038289725590299937,0,,,constant: n_unique == 1
s515,1,1.0,,0.0038289725590299937,0,,,constant: n_unique == 1
s516,1,1.0,,0.0038289725590299937,0,,,constant: n_unique == 1
s517,498,0.007285974499089253,15.884393411087652,0.6496490108487556,545,0.05321100917431193,0.8017466478475653,missing: NaN fraction > 0.5
s518,543,0.00546448087431694,2.8125005975850677,0.6496490108487556,546,0.054945054945054944,0.8278740490278952,missing: NaN fraction > 0.5
s519,542,0.0036429872495446266,2.6108427098986353,0.6496490108487556,547,0.054844606946983544,0.8263605681338771,missing: NaN fraction > 0.5
s520,836,0.011737089201877934,1.3483822231208367,0.4562858966177409,842,0.08432304038004751,1.270521194957062,keep
s521,1536,0.0012763241863433313,2.115121615460483,0.0,1565,0.06645367412140575,1.0012779552715656,keep
s522,9,0.9865985960433951,8.88219532869969,0.0,21,0.14285714285714285,2.1524725274725274,keep
s523,1562,0.0012763241863433313,0.482347720334331,0.0,1565,0.06645367412140575,1.0012779552715656,keep
s524,1040,0.0038289725590299937,9.13772480503699,0.0,1561,0.06662395900064061,1.0038436899423446,keep
s525,1543,0.0012763241863433313,3.6329478809449034,0.0,1565,0.06645367412140575,1.0012779552715656,keep
s526,1526,0.0012961762799740765,0.7050520878075841,0.015315890236119975,1541,0.06748864373783257,1.0168721609344582,keep
s527,1514,0.0019144862795149968,0.6639804317277271,0.0,1564,0.06585677749360613,0.9922843301200078,keep
s528,1549,0.0012763241863433313,0.2953066223034272,0.0,1565,0.06645367412140575,1.0012779552715656,keep
s529,1,1.0,,0.00574345883854499,0,,,constant: n_unique == 1
s530,1,1.0,,0.00574345883854499,0,,,constant: n_unique == 1
s531,1,1.0,,0.00574345883854499,0,,,constant: n_unique == 1
s532,1,1.0,,0.00574345883854499,0,,,constant: n_unique == 1
s533,1,1.0,,0.00574345883854499,0,,,constant: n_unique == 1
s534,1,1.0,,0.00574345883854499,0,,,constant: n_unique == 1
s535,1,1.0,,0.00574345883854499,0,,,constant: n_unique == 1
s536,1,1.0,,0.00574345883854499,0,,,constant: n_unique == 1
s537,1,1.0,,0.00574345883854499,0,,,constant: n_unique == 1
s538,1,1.0,,0.00574345883854499,0,,,constant: n_unique == 1
s539,1,1.0,,0.00574345883854499,0,,,constant: n_unique == 1
s540,333,0.010262989095574085,0.4129255255907728,0.005105296745373325,1543,0.06675307841866494,1.005789171942769,keep
s541,336,0.006414368184733804,0.3767334480587059,0.005105296745373325,1549,0.06649451258876694,1.001893281024979,keep
s542,336,0.006414368184733804,0.3013408104243548,0.005105296745373325,1549,0.06649451258876694,1.001893281024979,keep
s543,102,0.48690095846645365,0.02460927919426144,0.0012763241863433313,803,0.0460772104607721,0.694259507615672,keep
s544,71,0.49009584664536743,0.1810376002793463,0.0012763241863433313,798,0.043859649122807015,0.6608468286099864,correlated: |r| > 0.95; dropped the more-missing member of the pair
s545,21,0.5246006389776358,0.11777459139110551,0.0012763241863433313,744,0.0456989247311828,0.6885597601323409,keep
s546,273,0.47987220447284346,0.1728385998053535,0.0012763241863433313,814,0.045454545454545456,0.6848776223776224,keep
s547,1047,0.10864575363427698,0.37423477366869423,0.16592214422463306,1165,0.06523605150214593,0.9829316606140641,keep
s548,1023,0.10864575363427698,0.012548461004527313,0.16592214422463306,1165,0.06523605150214593,0.9829316606140641,keep
s549,964,0.11017597551644988,0.04480086022539023,0.16592214422463306,1163,0.06534823731728288,0.984621998809445,keep
s550,1048,0.10864575363427698,1.0152117378617984,0.16592214422463306,1165,0.06523605150214593,0.9829316606140641,correlated: |r| > 0.95; dropped the more-missing member of the pair
s551,747,0.10941086457536343,0.2919451354002151,0.16592214422463306,1164,0.06529209621993128,0.9837761036214645,correlated: |r| > 0.95; dropped the more-missing member of the pair
s552,213,0.11859219586840092,1.105959635060519,0.16592214422463306,1152,0.06597222222222222,0.9940237713675214,correlated: |r| > 0.95; dropped the more-missing member of the pair
s553,973,0.10864575363427698,0.9983470829585355,0.16592214422463306,1165,0.06523605150214593,0.9829316606140641,keep
s554,1077,0.10864575363427698,0.2846162100088691,0.16592214422463306,1165,0.06523605150214593,0.9829316606140641,correlated: |r| > 0.95; dropped the more-missing member of the pair
s555,1000,0.10864575363427698,1.1890065087818955,0.16592214422463306,1165,0.06523605150214593,0.9829316606140641,correlated: |r| > 0.95; dropped the more-missing member of the pair
s556,1085,0.10864575363427698,0.6096911432289596,0.16592214422463306,1165,0.06523605150214593,0.9829316606140641,keep
s557,1070,0.10864575363427698,0.3035421875256879,0.16592214422463306,1165,0.06523605150214593,0.9829316606140641,keep
s558,1062,0.10864575363427698,1.1524046588716121,0.16592214422463306,1165,0.06523605150214593,0.9829316606140641,keep
s559,365,0.016602809706257982,0.08428018457285451,0.0006381620931716656,1540,0.06298701298701298,0.9490447052947052,keep
s560,399,0.011494252873563218,0.6183199751700899,0.0006381620931716656,1548,0.0665374677002584,1.002540498906778,correlated: |r| > 0.95; dropped the more-missing member of the pair
s561,345,0.0140485312899106,0.7119738881859169,0.0006381620931716656,1544,0.06541450777202072,0.9856205161418892,keep
s562,414,0.010855683269476373,0.5893172491787639,0.0006381620931716656,1549,0.06520335700451904,0.9824390425584745,keep
s563,873,0.30602782071097373,0.02904348371163058,0.1742182514358647,898,0.066815144766147,1.0067243446976188,keep
s564,785,0.30602782071097373,0.17915018426355103,0.1742182514358647,898,0.066815144766147,1.0067243446976188,keep
s565,581,0.30602782071097373,0.40862522626445447,0.1742182514358647,898,0.066815144766147,1.0067243446976188,correlated: |r| > 0.95; dropped the more-missing member of the pair
s566,753,0.30602782071097373,0.5571226576661176,0.1742182514358647,898,0.066815144766147,1.0067243446976188,correlated: |r| > 0.95; dropped the more-missing member of the pair
s567,887,0.30602782071097373,0.39556213279375524,0.1742182514358647,898,0.066815144766147,1.0067243446976188,correlated: |r| > 0.95; dropped the more-missing member of the pair
s568,619,0.30602782071097373,0.5452307165002562,0.1742182514358647,898,0.066815144766147,1.0067243446976188,keep
s569,887,0.30602782071097373,0.40639263430195227,0.1742182514358647,898,0.066815144766147,1.0067243446976188,keep
s570,897,0.30602782071097373,0.4836372756742289,0.1742182514358647,898,0.066815144766147,1.0067243446976188,keep
s571,814,0.01021059349074665,0.03298578092552252,0.0,1551,0.0670535138620245,1.0103159252095424,keep
s572,811,0.01021059349074665,0.13089118456034834,0.0,1551,0.0670535138620245,1.0103159252095424,keep
s573,518,0.012763241863433313,3.033538864103841,0.0,1547,0.06658047834518423,1.0031885535279201,correlated: |r| > 0.95; dropped the more-missing member of the pair
s574,754,0.010848755583918315,0.7189002533597936,0.0,1550,0.06709677419354838,1.0109677419354839,correlated: |r| > 0.95; dropped the more-missing member of the pair
s575,830,0.01021059349074665,2.9381384932482772,0.0,1551,0.0670535138620245,1.0103159252095424,correlated: |r| > 0.95; dropped the more-missing member of the pair
s576,599,0.012125079770261647,0.6472993375490224,0.0,1548,0.0665374677002584,1.002540498906778,keep
s577,820,0.01021059349074665,3.041362261098647,0.0,1551,0.0670535138620245,1.0103159252095424,keep
s578,851,0.01021059349074665,0.7502099968469953,0.0,1551,0.0670535138620245,1.0103159252095424,keep
s579,322,0.009708737864077669,0.5427040142500186,0.6056158264199106,612,0.0718954248366013,1.0832704876822523,missing: NaN fraction > 0.5
s580,260,0.016181229773462782,0.5728133112219863,0.6056158264199106,608,0.07236842105263158,1.090397267206478,missing: NaN fraction > 0.5
s581,120,0.02912621359223301,0.5774670123856274,0.6056158264199106,600,0.07166666666666667,1.079823717948718,missing: NaN fraction > 0.5
s582,611,0.012944983818770227,0.8936695418498504,0.6056158264199106,610,0.07213114754098361,1.0868221941992435,missing: NaN fraction > 0.5
s583,171,0.017241379310344827,0.0068073408994131605,0.0006381620931716656,1539,0.06627680311890838,0.9986129854550907,near-zero variance: dom_frac > 0.99 or cv < 0.01 or n_unique < 5; deviants not enriched (rescue needs n_deviant >= 5 and enrichment >= 2.0)
s584,227,0.014687100893997445,1.1215693088648626,0.0006381620931716656,1543,0.0661049902786779,0.9960242285258488,correlated: |r| > 0.95; dropped the more-missing member of the pair
s585,68,0.05810983397190294,0.9672156134592105,0.0006381620931716656,1475,0.0671186440677966,1.0112972620599738,correlated: |r| > 0.95; dropped the more-missing member of the pair
s586,1502,0.0019157088122605363,1.166308883204348,0.0006381620931716656,1563,0.06589891234804862,0.9929191889364634,keep
s587,322,0.017879948914431672,0.5759124264065166,0.0006381620931716656,1538,0.06762028608582575,1.0188556566970093,keep
s588,260,0.022988505747126436,0.5346031320450662,0.0006381620931716656,1530,0.06601307189542484,0.9946392659627954,correlated: |r| > 0.95; dropped the more-missing member of the pair
s589,120,0.03065134099616858,0.5426633772236857,0.0006381620931716656,1518,0.06785243741765482,1.0223535522448568,keep
s590,611,0.020434227330779056,0.9420272591098574,0.0006381620931716656,1534,0.06584093872229466,0.9920456824791897,keep
