feature,center,sigma,lcl,ucl,mr_bar,mr_ucl,degenerate
s001,3012.18,66.9097,2811.45,3212.91,77.3416,252.675,False
s002,2498.72,63.7518,2307.46,2689.98,86.0906,281.258,False
s003,2200.2,29.7178,2111.05,2289.35,28.4398,92.9127,False
s004,1281.79,387.636,118.878,2444.69,351.197,1147.36,False
s005,1.2981,0.327506,0.315581,2.28062,2.06279,6.73912,False
s006,100,0,100,100,0,0,True
s007,101.851,4.18834,89.2855,114.416,4.3223,14.121,False
s008,0.1223,0.00207564,0.116073,0.128527,0.00164769,0.00538301,False
s009,1.4675,0.074723,1.24333,1.69167,0.069628,0.227475,False
s010,-0.0013,0.0143812,-0.0444437,0.0418437,0.0157664,0.0515087,False
s011,0.0004,0.00845082,-0.0249525,0.0257525,0.00938907,0.0306741,False
s012,0.9655,0.0106747,0.933476,0.997524,0.00983631,0.0321352,False
s013,199.61,2.54637,191.971,207.249,2.66113,8.69393,False
s014,0,0,0,0,0,0,True
s015,8.6805,2.88217,0.0339768,17.327,2.67203,8.72953,False
s016,411.37,9.47678,382.939,439.8,10.5936,34.6095,False
s017,9.8492,0.455455,8.48284,11.2156,0.624159,2.03913,False
s018,0.9725,0.00681996,0.95204,0.99296,0.00743196,0.0242802,False
s019,189.708,2.5778,181.975,197.441,2.64237,8.63263,False
s020,12.499,0.0578214,12.3255,12.6725,0.077578,0.253447,False
s021,1.4063,0.0134917,1.36583,1.44677,0.0162334,0.0530345,False
s022,-5537,312.458,-6474.37,-4599.63,532.167,1738.59,False
s023,2684,173.094,2164.72,3203.28,250.255,817.583,False
s024,-3856.25,803.199,-6265.85,-1446.65,1437.2,4695.34,False
s025,-35.25,2177.2,-6566.84,6496.34,2954.78,9653.26,False
s026,1.2818,0.0392889,1.16393,1.39967,0.139238,0.454892,False
s027,1.9855,0.0333585,1.88542,2.08558,0.0909574,0.297158,False
s028,7.263,0.135658,6.85603,7.66997,0.929476,3.0366,False
s029,68.6778,2.88292,60.0291,77.3265,2.94993,9.63743,False
s030,2.4222,0.411866,1.1866,3.6578,0.428099,1.3986,False
s031,0.1891,0.0317276,0.0939171,0.284283,0.0330466,0.107963,False
s032,3.4362,0.116088,3.08794,3.78446,0.418747,1.36805,False
s033,85.2227,0.847009,82.6817,87.7637,1.37969,4.50744,False
s034,8.7698,0.314311,7.82687,9.71273,0.678038,2.21515,False
s035,50.3873,0.202227,49.7806,50.994,0.568498,1.85728,False
s036,64.1615,0.228913,63.4748,64.8482,1.0323,3.37252,False
s037,49.6127,0.202227,49.006,50.2194,0.568495,1.85727,False
s038,66.2381,0.215422,65.5918,66.8844,0.29221,0.954651,False
s039,86.838,0.275764,86.0107,87.6653,0.373133,1.21903,False
s040,118.373,0.589778,116.604,120.143,1.16372,3.80187,False
s041,77.92,3.27655,68.0904,87.7496,19.5948,64.0161,False
s042,3.128,0.619727,1.26882,4.98718,1.29516,4.2313,False
s043,70,0,70,70,0,0,True
s044,353.38,4.95455,338.516,368.243,5.55033,18.1329,False
s045,10.0421,0.171166,9.5286,10.5556,0.171483,0.560234,False
s046,135.114,7.95882,111.238,158.991,7.75739,25.3434,False
s047,731.124,12.0006,695.122,767.126,12.0637,39.4121,False
s048,1.25695,0.20282,0.648491,1.86541,0.195085,0.637341,False
s049,140.254,4.63246,126.357,154.151,4.71671,15.4095,False
s050,1,0,1,1,0,0,True
s051,630.357,8.84779,603.814,656.901,8.52866,27.8631,False
s052,183.45,64.3609,-9.63273,376.533,57.6005,188.181,False
s053,0,0,0,0,0,0,True
s054,4.596,0.0311346,4.5026,4.6894,0.0349126,0.114059,False
s055,4.844,0.037065,4.73281,4.95519,0.0448781,0.146617,False
s056,2853,25.2042,2777.39,2928.61,23.3152,76.1707,False
s057,0.9314,0.00415128,0.918946,0.943854,0.0048704,0.0159116,False
s058,0.9493,0.00400302,0.937291,0.961309,0.00427661,0.0139717,False
s059,4.5924,0.103041,4.28328,4.90152,0.0636975,0.2081,False
s060,1.29185,4.59139,-12.4823,15.066,6.56263,21.4401,False
s061,353.534,5.52461,336.96,370.107,5.46724,17.8615,False
s062,10.4436,0.212901,9.8049,11.0823,0.270583,0.883996,False
s063,115.22,6.07466,96.996,133.444,7.36644,24.0662,False
s064,13.4265,4.31963,0.467612,26.3854,5.39633,17.6298,False
s065,19.7981,4.03534,7.69213,31.9042,4.88239,15.9508,False
s066,26.0224,5.09629,10.7336,41.3113,6.07163,19.836,False
s067,704.749,11.153,671.29,738.208,11.3459,37.0671,False
s068,0.9973,0.130024,0.607228,1.38737,36.4462,119.07,False
s069,147.594,3.49226,137.117,158.07,4.07715,13.3201,False
s070,1,0,1,1,0,0,True
s071,617.463,8.80664,591.043,643.883,9.44293,30.8501,False
s072,101.986,21.0233,38.9162,165.056,28.5225,93.1831,False
s073,151.508,9.5535,122.848,180.169,12.5063,40.858,False
s074,466.15,2.63391,458.248,474.052,6.42058,20.976,False
s075,0,0,0,0,0,0,True
s076,-0.0056,0.0203116,-0.0665349,0.0553349,0.0192923,0.0630279,False
s077,-0.0328,0.0338033,-0.13421,0.0686098,0.0305495,0.0998054,False
s078,-0.0065,0.0271316,-0.0878947,0.0748947,0.0334375,0.10924,False
s079,-0.0185,0.0468502,-0.15905,0.12205,0.0313824,0.102526,False
s080,0.0012,0.0195703,-0.057511,0.059911,0.0194599,0.0635754,False
s081,-0.0111,0.0394372,-0.129411,0.107211,0.035558,0.116168,False
s082,-0.0196,0.0106747,-0.0516242,0.0124242,0.0162788,0.0531829,False
s083,0.009,0.0315794,-0.0857381,0.103738,0.0316823,0.103506,False
s084,7.4462,0.534033,5.8441,9.0483,0.581824,1.90082,False
s085,0.133,0.00489258,0.118322,0.147678,0.00557924,0.0182274,False
s086,0.1138,0.00266868,0.105794,0.121806,0.00266447,0.00870484,False
s087,2.4035,0.0375098,2.29097,2.51603,0.0398713,0.130259,False
s088,0.9872,0.0044478,0.973857,1.00054,0.0106852,0.0349084,False
s089,1810.43,47.9569,1666.56,1954.3,55.9973,182.943,False
s090,0.1923,0.0189773,0.135368,0.249232,0.0258136,0.0843331,False
s091,8818.97,363.86,7727.39,9910.55,422.777,1381.21,False
s092,0,0.0616762,-0.185028,0.185028,0.0797493,0.260541,False
s093,0.0004,0.00237216,-0.00671648,0.00751648,0.0031624,0.0103316,False
s094,-0.0003,0.00207564,-0.00652692,0.00592692,0.00302358,0.00987805,False
s095,0,0.00014826,-0.00044478,0.00044478,0.000169278,0.000553031,False
s096,0,0.00014826,-0.00044478,0.00044478,8.35637e-05,0.000273003,False
s097,0.0066,0.153746,-0.454637,0.467837,0.215978,0.705601,False
s098,0,0,0,0,0,0,True
s099,0,0.288069,-0.864208,0.864208,0.427365,1.3962,False
s100,0,0.0426989,-0.128097,0.128097,0.056561,0.184785,False
s101,0,0.00029652,-0.00088956,0.00088956,0.000356144,0.00116352,False
s102,0,0.00014826,-0.00044478,0.00044478,0.000210445,0.000687525,False
s103,0,0.0475915,-0.142774,0.142774,0.0610732,0.199526,False
s104,-0.0098,0.0029652,-0.0186956,-0.0009044,0.00235421,0.00769121,False
s105,0,0.00059304,-0.00177912,0.00177912,0.000779403,0.00254631,False
s106,-0.0002,0.0022239,-0.0068717,0.0064717,0.00308955,0.0100936,False
s107,0.0002,0.00192738,-0.00558214,0.00598214,0.00295522,0.00965471,False
s108,0,0.0750196,-0.225059,0.225059,0.0926316,0.302628,False
s109,-0.0118,0.0766504,-0.241751,0.218151,0.0940025,0.307106,False
s110,0.9796,0.00252042,0.972039,0.987161,0.00158215,0.0051689,False
s111,101.65,0.760129,99.3697,103.93,1.24541,4.06876,False
s112,230.784,0.88148,228.139,233.428,0.798219,2.60778,False
s113,0.46295,0.00541149,0.446716,0.479184,0.0146582,0.0478884,False
s114,0.9457,0.0105265,0.914121,0.977279,0.0128217,0.0418885,False
s115,0,0,0,0,0.00026208,0.000856214,True
s116,749.388,40.2053,628.772,870.004,52.4155,171.242,False
s117,0.9907,0.00044478,0.989366,0.992034,0.00588333,0.0192209,False
s118,58.5398,0.813503,56.0993,60.9803,1.40726,4.59752,False
s119,0.599,0.0066717,0.578985,0.619015,0.00718639,0.0234779,False
s120,0.9693,0.00934038,0.941279,0.997321,0.0083698,0.0273441,False
s121,6.3136,0.0942934,6.03072,6.59648,0.120678,0.394256,False
s122,15.8,0.088956,15.5331,16.0669,0.0565745,0.184829,False
s123,3.703,0.917729,0.949812,6.45619,0.43224,1.41213,False
s124,15.84,0.103782,15.5287,16.1513,0.0640476,0.209244,False
s125,15.79,0.118608,15.4342,16.1458,0.0642627,0.209946,False
s126,1.097,0.216904,0.446287,1.74771,0.16741,0.54693,False
s127,2.748,0.212012,2.11196,3.38404,0.158594,0.518126,False
s128,0.6274,0.122018,0.261346,0.993454,0.0671344,0.219328,False
s129,3.191,0.173464,2.67061,3.71139,0.126754,0.414106,False
s130,-0.1419,0.631291,-2.03577,1.75197,0.517929,1.69207,False
s131,0.7672,0.0818395,0.521681,1.01272,0.0425552,0.139028,False
s132,0.9978,0.00192738,0.992018,1.00358,0.00160945,0.00525806,False
s133,2.3237,0.0609349,2.1409,2.5065,0.0292892,0.0956877,False
s134,1004.59,5.93485,986.79,1022.4,4.32666,14.1352,False
s135,38.9487,2.45185,31.5931,46.3042,2.15412,7.03751,False
s136,111,29.652,22.044,199.956,41.4589,135.446,False
s137,132.3,65.6792,-64.7375,329.338,59.8958,195.679,False
s138,118.95,58.1179,-55.4038,293.304,57.5353,187.968,False
s139,56.2,8.8953,29.5141,82.8859,11.042,36.0743,False
s140,330.196,160.251,-150.558,810.95,195.342,638.182,False
s141,0.2367,0.190292,-0.334175,0.807575,15.5871,50.9232,False
s142,0,0,0,0,0,0,True
s143,6.265,1.7124,1.12779,11.4022,2.06486,6.74589,False
s144,0.004,0.00118608,0.00044176,0.00755824,0.00111215,0.00363341,False
s145,0.1023,0.0335068,0.00177972,0.20282,0.0488361,0.159547,False
s146,0.0572,0.0158638,0.00960854,0.104791,0.0214433,0.0700554,False
s147,0.049,0.0128986,0.0103041,0.0876959,0.0179015,0.058484,False
s148,0.016,0.00874734,-0.010242,0.042242,0.00959824,0.0313575,False
s149,7.8728,2.26986,1.06322,14.6824,3.38677,11.0646,False
s150,0,0,0,0,0,0,True
s151,5.896,2.49818,-1.59854,13.3905,3.16626,10.3442,False
s152,11.325,4.65685,-2.64554,25.2955,9.01376,29.4479,False
s153,0.4688,0.182656,-0.079169,1.01677,1.77059,5.78451,False
s154,0.011,0.0059304,-0.0067912,0.0287912,0.00584037,0.0190805,False
s155,7.4537,2.2279,0.769991,14.1374,2.50718,8.19095,False
s156,0.33,0.14826,-0.11478,0.77478,0.333319,1.08895,False
s157,0.0493,0.0217942,-0.0160827,0.114683,0.0359043,0.117299,False
s158,0.0361,0.0157156,-0.0110467,0.0832467,0.0301636,0.0985446,False
s159,1027.55,403.786,-183.809,2238.91,463.051,1512.79,False
s160,602,352.859,-456.576,1660.58,752.636,2458.86,False
s161,461,241.664,-263.991,1185.99,435.083,1421.42,False
s162,2732,2384.02,-4420.06,9884.06,4060.76,13266.5,False
s163,1733,2370.68,-5379.03,8845.03,5655.89,18477.8,False
s164,0.119,0.044478,-0.014434,0.252434,0.0796179,0.260112,False
s165,0.089,0.0326172,-0.0088516,0.186852,0.100897,0.329629,False
s166,0.178,0.0830256,-0.0710768,0.427077,0.197243,0.644394,False
s167,2.6,0.7413,0.3761,4.8239,0.981164,3.20546,False
s168,1.1,0.44478,-0.23434,2.43434,0.495406,1.61849,False
s169,0.118,0.044478,-0.015434,0.251434,0.0493706,0.161294,False
s170,0.391,0.213494,-0.249483,1.03148,0.190601,0.622694,False
s171,0.7007,0.160862,0.218114,1.18329,0.166921,0.545329,False
s172,0.1092,0.0441815,-0.0233444,0.241744,0.0541401,0.176876,False
s173,0.3255,0.0706459,0.113562,0.537438,0.0783218,0.255877,False
s174,0.5785,0.0865097,0.318971,0.838029,0.101005,0.329984,False
s175,0.3255,0.0706459,0.113562,0.537438,0.078329,0.255901,False
s176,0.7792,0.116088,0.430937,1.12746,0.115651,0.377831,False
s177,0.2436,0.0719802,0.0276593,0.459541,0.0780667,0.255044,False
s178,0.292,0.128986,-0.0949586,0.678959,0.264359,0.86366,False
s179,0,0,0,0,0,0,True
s180,0,0,0,0,0,0,True
s181,18.34,2.77246,10.0226,26.6574,3.1165,10.1816,False
s182,0.5025,0.227579,-0.180237,1.18524,0.219073,0.71571,False
s183,9.705,3.61013,-1.12539,20.5354,3.75276,12.2603,False
s184,27.991,7.57016,5.28053,50.7015,5.93496,19.3895,False
s185,0.13125,0.0481104,-0.0130811,0.275581,0.0641508,0.209581,False
s186,6.67,2.25355,-0.090656,13.4307,3.14796,10.2844,False
s187,0,0,0,0,0,0,True
s188,18.225,4.48487,4.7704,31.6796,4.87357,15.9219,False
s189,40.2405,24.7898,-34.1289,114.61,23.9614,78.282,False
s190,0,0,0,0,0,0,True
s191,0,0,0,0,0,0,True
s192,0,0,0,0,0,0,True
s193,0,0,0,0,0,0,True
s194,0,0,0,0,0,0,True
s195,0,0,0,0,0,0,True
s196,0.263,0.0489258,0.116223,0.409777,0.142936,0.466971,False
s197,6.51,2.83177,-1.9853,15.0053,5.28649,17.271,False
s198,19.23,2.9059,10.5123,27.9477,4.47757,14.6282,False
s199,0.397,0.217942,-0.256827,1.05083,0.348504,1.13856,False
s200,8.61,3.15794,-0.863814,18.0838,7.14939,23.357,False
s201,17.57,4.29954,4.67138,30.4686,5.21164,17.0264,False
s202,6.47,2.78729,-1.89186,14.8319,3.58521,11.7129,False
s203,7.95,3.54267,-2.67802,18.578,4.74829,15.5127,False
s204,30.837,5.3596,14.7582,46.9158,6.65577,21.7444,False
s205,0.1643,0.0842117,-0.088335,0.416935,61.5457,201.07,False
s206,7.82,2.84659,-0.719776,16.3598,4.40238,14.3826,False
s207,0,0,0,0,0,0,True
s208,20.07,4.52193,6.50421,33.6358,6.31677,20.6369,False
s209,74.018,25.729,-3.16912,151.205,29.5646,96.5877,False
s210,0,0,0,0,0,0,True
s211,0.0796,0.0241664,0.00710086,0.152099,0.0339364,0.11087,False
s212,0.0527,0.0155673,0.0059981,0.0994019,0.0230431,0.0752819,False
s213,0.0421,0.0180877,-0.0121632,0.0963632,0.0294608,0.0962484,False
s214,0.0565,0.0284659,-0.0288978,0.141898,0.0352343,0.11511,False
s215,0.0742,0.0269833,-0.00674996,0.15515,0.0399648,0.130565,False
s216,0.0804,0.0263903,0.00122916,0.159571,0.0283805,0.0927191,False
s217,0.0849,0.0195703,0.026189,0.143611,0.0260594,0.0851361,False
s218,0.06,0.0278729,-0.0236186,0.143619,0.0369816,0.120819,False
s219,3.6846,1.09801,0.390559,6.97864,1.33606,4.3649,False
s220,0.003,0.00103782,-0.00011346,0.00611346,0.00139475,0.00455666,False
s221,0.0089,0.00177912,0.00356264,0.0142374,0.00227829,0.00744317,False
s222,0.0618,0.0272798,-0.0200395,0.14364,0.0256161,0.0836877,False
s223,0.0024,0.00207564,-0.00382692,0.00862692,0.0129298,0.0422417,False
s224,119.682,36.6005,9.8804,229.483,43.2657,141.349,False
s225,0.0396,0.0179395,-0.0142184,0.0934184,0.0456703,0.149205,False
s226,965,397.781,-228.344,2158.34,461.788,1508.66,False
s227,0,0,0,0,0,0,True
s228,0.0166,0.00563388,-0.00030164,0.0335016,0.00923936,0.030185,False
s229,0.0153,0.0051891,-0.0002673,0.0308673,0.00865666,0.0282813,False
s230,0,0,0,0,0,0,True
s231,0,0,0,0,0,0,True
s232,0,0,0,0,0,0,True
s233,0,0,0,0,0,0,True
s234,0,0,0,0,0,0,True
s235,0,0,0,0,0,0,True
s236,0,0,0,0,0,0,True
s237,0,0,0,0,0,0,True
s238,0,0,0,0,0,0,True
s239,0.0046,0.0014826,0.0001522,0.0090478,0.00179173,0.00585358,False
s240,0.0045,0.00118608,0.00094176,0.00805824,0.00132825,0.00433941,False
s241,0,0,0,0,0,0,True
s242,0,0,0,0,0,0,True
s243,0,0,0,0,0,0,True
s244,0,0,0,0,0,0,True
s245,0.0019,0.00118608,-0.00165824,0.00545824,0.00152646,0.00498695,False
s246,1.00435,0.319352,0.0462939,1.96241,0.472324,1.54308,False
s247,3.59905,1.15443,0.135771,7.06233,1.19796,3.91375,False
s248,0.02725,0.0159379,-0.0205638,0.0750639,0.0486693,0.159003,False
s249,0.0214,0.0096369,-0.0075107,0.0503107,0.0157795,0.0515517,False
s250,0,0,0,0,0.00223914,0.00731528,True
s251,102.289,40.7337,-19.9118,224.49,45.8115,149.666,False
s252,0.001,0.00044478,-0.00033434,0.00233434,0.00721995,0.0235876,False
s253,2.9025,1.16799,-0.601477,6.40648,5.05056,16.5002,False
s254,0.0304,0.00919212,0.00282364,0.0579764,0.0128662,0.0420339,False
s255,0.0156,0.0133434,-0.0244302,0.0556302,0.01,0.03267,False
s256,0.4159,0.136696,0.00581284,0.825987,0.104058,0.339959,False
s257,0,0,0,0,0,0,True
s258,0,0,0,0,0,0,True
s259,0,0,0,0,0,0,True
s260,0,0,0,0,0,0,True
s261,0,0,0,0,0,0,True
s262,0,0,0,0,0,0,True
s263,0,0,0,0,0,0,True
s264,0,0,0,0,0,0,True
s265,0,0,0,0,0,0,True
s266,0,0,0,0,0,0,True
s267,0,0,0,0,0,0,True
s268,0.0691,0.0357307,-0.038092,0.176292,0.0134061,0.0437976,False
s269,17.824,7.71545,-5.32235,40.9704,3.68689,12.0451,False
s270,3.72565,1.11291,0.386909,7.06439,1.0151,3.31634,False
s271,29.2145,5.6493,12.2666,46.1624,7.05989,23.0647,False
s272,45.2629,22.1154,-21.0832,111.609,19.5763,63.9558,False
s273,40.5185,19.9683,-19.3865,100.423,19.3849,63.3303,False
s274,19.4007,2.54918,11.7532,27.0482,3.38189,11.0487,False
s275,109.576,51.4201,-44.684,263.837,62.0179,202.613,False
s276,0.07885,0.0605642,-0.102843,0.260543,5.19825,16.9827,False
s277,0,0,0,0,0,0,True
s278,2.078,0.581624,0.333128,3.82287,0.677869,2.2146,False
s279,0.0011,0.00029652,0.00021044,0.00198956,0.000287846,0.000940393,False
s280,0.0359,0.0120091,-0.00012718,0.0719272,0.016642,0.0543693,False
s281,0.0167,0.00400302,0.00469094,0.0287091,0.00521911,0.0170508,False
s282,0.0137,0.00355824,0.00302528,0.0243747,0.00440474,0.0143903,False
s283,0.0053,0.0029652,-0.0035956,0.0141956,0.00312599,0.0102126,False
s284,2.6282,0.697415,0.535955,4.72045,1.02733,3.35629,False
s285,0,0,0,0,0,0,True
s286,1.8559,0.763836,-0.435607,4.14741,0.948539,3.09888,False
s287,3.4596,1.38045,-0.681747,7.60095,2.64444,8.63938,False
s288,0.1388,0.0468502,-0.00175048,0.27935,0.549203,1.79425,False
s289,0.0036,0.00192738,-0.00218214,0.00938214,0.0019039,0.00622004,False
s290,2.5164,0.683923,0.46463,4.56817,0.76032,2.48396,False
s291,0.0849,0.0363237,-0.0240711,0.193871,0.0719039,0.23491,False
s292,0.0169,0.00756126,-0.00578378,0.0395838,0.0121841,0.0398054,False
s293,0.0114,0.00415128,-0.00105384,0.0238538,0.00856694,0.0279882,False
s294,317.867,125.708,-59.2583,694.993,154.856,505.914,False
s295,271.156,159.085,-206.1,748.412,348.987,1140.14,False
s296,205.795,104.888,-108.869,520.459,203.61,665.194,False
s297,1252.07,1100.69,-2050,4554.14,1892.23,6181.91,False
s298,792.849,1090.6,-2478.95,4064.64,2797.21,9138.48,False
s299,0.0523,0.0189773,-0.00463184,0.109232,0.0382377,0.124923,False
s300,0.0397,0.0146777,-0.00433322,0.0837332,0.0512922,0.167572,False
s301,0.0799,0.0369167,-0.0308502,0.19065,0.0977792,0.319445,False
s302,0.8373,0.224021,0.165237,1.50936,0.298613,0.97557,False
s303,0.3742,0.128986,-0.0127586,0.761159,0.154856,0.505914,False
s304,0.0387,0.0140847,-0.0035541,0.0809541,0.0150019,0.0490113,False
s305,0.1313,0.0713131,-0.0826392,0.345239,0.0625074,0.204212,False
s306,0.2729,0.0618244,0.0874267,0.458373,0.0611406,0.199746,False
s307,0.044,0.0160121,-0.00403624,0.0920362,0.0216871,0.0708519,False
s308,0.1306,0.0269833,0.04965,0.21155,0.0300899,0.0983037,False
s309,0.2202,0.029652,0.131244,0.309156,0.0358614,0.117159,False
s310,0.1306,0.0269833,0.04965,0.21155,0.0300933,0.0983147,False
s311,0.305,0.0395854,0.186244,0.423756,0.0436529,0.142614,False
s312,0.098,0.0284659,0.0126022,0.183398,0.0298139,0.0974021,False
s313,0.11975,0.0484069,-0.0254707,0.264971,0.107903,0.352518,False
s314,0,0,0,0,0,0,True
s315,0,0,0,0,0,0,True
s316,0,0,0,0,0,0,True
s317,5.75935,0.797713,3.36621,8.15249,0.889408,2.9057,False
s318,0.15635,0.0715354,-0.0582563,0.370956,0.0713755,0.233184,False
s319,2.76775,0.917878,0.014117,5.52138,1.07451,3.51041,False
s320,8.59385,2.28246,1.74646,15.4412,1.79476,5.86347,False
s321,0.0395,0.014233,-0.00319888,0.0821989,0.0182298,0.0595566,False
s322,2.066,0.680662,0.024015,4.10798,0.925412,3.02332,False
s323,0,0,0,0,0,0,True
s324,5.53815,1.41351,1.29762,9.77868,1.45414,4.75068,False
s325,12.5603,7.78965,-10.8086,35.9293,7.27897,23.7804,False
s326,0,0,0,0,0,0,True
s327,0,0,0,0,0,0,True
s328,0,0,0,0,0,0,True
s329,0,0,0,0,0,0,True
s330,0,0,0,0,0,0,True
s331,0,0,0,0,0,0,True
s332,0.0851,0.0149743,0.0401772,0.130023,0.0289814,0.0946824,False
s333,1.9645,0.781108,-0.378823,4.30782,1.58219,5.16901,False
s334,5.951,0.749603,3.70219,8.19981,1.2492,4.08115,False
s335,0.1214,0.0630105,-0.0676315,0.310431,0.105975,0.346221,False
s336,2.535,0.898456,-0.160367,5.23037,2.15152,7.02901,False
s337,9.0885,1.26547,5.29208,12.8849,2.34246,7.65282,False
s338,1.95905,0.776512,-0.370485,4.28859,1.02048,3.3339,False
s339,2.40435,0.971918,-0.511405,5.32011,1.33842,4.37262,False
s340,9.6444,1.52307,5.07518,14.2136,1.98021,6.46936,False
s341,0.0485,0.0229803,-0.0204409,0.117441,30.4488,99.4764,False
s342,2.4065,0.786964,0.0456078,4.76739,1.25854,4.11163,False
s343,0,0,0,0,0,0,True
s344,6.1737,1.34042,2.15244,10.195,1.87853,6.13717,False
s345,23.4731,8.21568,-1.17394,48.1201,9.30308,30.3931,False
s346,5.5931,1.81374,0.151884,11.0343,6.25423,20.4326,False
s347,3.0638,1.03122,-0.0298673,6.15747,5.70108,18.6254,False
s348,0,0,0,0,0,0,True
s349,0.0225,0.00711648,0.00115056,0.0438494,0.0090146,0.0294507,False
s350,0.0238,0.00681996,0.00334012,0.0442599,0.00975703,0.0318762,False
s351,0.0189,0.00830256,-0.00600768,0.0438077,0.0131792,0.0430565,False
s352,0.0255,0.0131951,-0.0140854,0.0650854,0.0161128,0.0526407,False
s353,0.0218,0.00800604,-0.00221812,0.0458181,0.0101866,0.0332797,False
s354,0.0402,0.0149743,-0.00472278,0.0851228,0.0144588,0.0472369,False
s355,0.0445,0.00993342,0.0146997,0.0743003,0.0134438,0.0439209,False
s356,0.0283,0.0139364,-0.0135093,0.0701093,0.0183262,0.0598718,False
s357,1.2703,0.387996,0.106311,2.43429,0.445258,1.45466,False
s358,0.0009,0.00029652,1.044e-05,0.00178956,0.000394213,0.00128789,False
s359,0.0024,0.00044478,0.00106566,0.00373434,0.000463816,0.00151529,False
s360,0.0197,0.0081543,-0.0047629,0.0441629,0.00760153,0.0248342,False
s361,0.0007,0.00059304,-0.00107912,0.00247912,0.00442554,0.0144582,False
s362,39.9012,11.1453,6.46531,73.3371,13.7492,44.9186,False
s363,0.0125,0.00533736,-0.00351208,0.0285121,0.0137953,0.0450694,False
s364,308.566,129.943,-81.2623,698.394,148.446,484.972,False
s365,0,0,0,0,0,0,True
s366,0.0046,0.0014826,0.0001522,0.0090478,0.00225536,0.00736826,False
s367,0.0042,0.00133434,0.00019698,0.00820302,0.00204242,0.00667258,False
s368,0.0033,0.00118608,-0.00025824,0.00685824,0.00213556,0.00697688,False
s369,0.0028,0.00103782,-0.00031346,0.00591346,0.00165883,0.00541941,False
s370,0,0,0,0,0,0,True
s371,0,0,0,0,0,0,True
s372,0,0,0,0,0,0,True
s373,0,0,0,0,0,0,True
s374,0,0,0,0,0,0,True
s375,0,0,0,0,0,0,True
s376,0,0,0,0,0,0,True
s377,0.0016,0.00044478,0.00026566,0.00293434,0.000556968,0.00181961,False
s378,0.0016,0.00044478,0.00026566,0.00293434,0.000435299,0.00142212,False
s379,0,0,0,0,0,0,True
s380,0,0,0,0,0,0,True
s381,0,0,0,0,0,0,True
s382,0,0,0,0,0,0,True
s383,0.0006,0.00044478,-0.00073434,0.00193434,0.000484308,0.00158223,False
s384,0.3182,0.0985929,0.0224213,0.613979,0.139438,0.455543,False
s385,1.07155,0.363534,-0.0190506,2.16215,0.354275,1.15742,False
s386,0.0068,0.00281694,-0.00165082,0.0152508,0.00971772,0.0317478,False
s387,0.0069,0.00340998,-0.00332994,0.0171299,0.00526185,0.0171905,False
s388,0,0,0,0,0.000713914,0.00233236,True
s389,32.1653,13.0377,-6.94776,71.2784,14.6695,47.9251,False
s390,0.0003,0.00014826,-0.00014478,0.00074478,0.00222531,0.00727007,False
s391,0.9011,0.353304,-0.158811,1.96101,1.57474,5.14467,False
s392,0.0101,0.00281694,0.00164918,0.0185508,0.00398081,0.0130053,False
s393,0.005,0.0044478,-0.0083434,0.0183434,0.00325099,0.010621,False
s394,0.1379,0.0441815,0.00535556,0.270444,0.0321698,0.105099,False
s395,0,0,0,0,0,0,True
s396,0,0,0,0,0,0,True
s397,0,0,0,0,0,0,True
s398,0,0,0,0,0,0,True
s399,0,0,0,0,0,0,True
s400,0,0,0,0,0,0,True
s401,0,0,0,0,0,0,True
s402,0,0,0,0,0,0,True
s403,0,0,0,0,0,0,True
s404,0,0,0,0,0,0,True
s405,0,0,0,0,0,0,True
s406,0.0231,0.0136399,-0.0178198,0.0640198,0.00470537,0.0153725,False
s407,5.8442,2.5394,-1.77399,13.4624,1.27774,4.17437,False
s408,1.2474,0.339367,0.229299,2.2655,0.309947,1.0126,False
s409,4.99845,1.30743,1.07616,8.92074,1.85778,6.06938,False
s410,4.4114,2.18417,-2.1411,10.9639,1.97796,6.46199,False
s411,4.76115,2.3457,-2.27594,11.7982,2.34073,7.64718,False
s412,2.5605,0.40134,1.35648,3.76452,0.495942,1.62024,False
s413,25.3078,13.9953,-16.6781,67.2937,15.7084,51.3194,False
s414,20.395,13.48,-20.0451,60.835,14.9437,48.8209,False
s415,0,0,0,0,0,0,True
s416,6.1582,1.82478,0.683848,11.6326,2.08922,6.82549,False
s417,3.2383,0.951533,0.383702,6.0929,0.911068,2.97646,False
s418,7.0421,2.25162,0.287226,13.797,3.24801,10.6112,False
s419,298.28,442.23,-1028.41,1624.97,312.653,1021.44,False
s420,290.15,430.177,-1000.38,1580.68,342.688,1119.56,False
s421,1.6525,0.914319,-1.09046,4.39546,1.03455,3.37987,False
s422,3.9341,1.12752,0.551548,7.31665,1.54807,5.05755,False
s423,0,0,0,0,0,0,True
s424,71.389,26.3323,-7.60793,150.386,29.8325,97.4627,False
s425,2.7581,1.12648,-0.621338,6.13754,2.02473,6.61478,False
s426,4.7635,1.88305,-0.885651,10.4127,5.19141,16.9603,False
s427,1.126,0.614241,-0.716724,2.96872,0.617692,2.018,False
s428,3.9139,1.18148,0.369448,7.45835,1.34511,4.39447,False
s429,2.6201,1.15895,-0.856745,6.09695,2.79317,9.1253,False
s430,3.514,1.55288,-1.14463,8.17263,2.64647,8.64601,False
s431,10.7352,6.88742,-9.92705,31.3975,18.9489,61.9061,False
s432,16.8996,7.53368,-5.70145,39.5007,19.6192,64.0958,False
s433,59.5302,52.6802,-98.5104,217.571,105.608,345.021,False
s434,138.306,193.225,-441.369,717.981,219.027,715.561,False
s435,10.2719,3.79783,-1.12158,21.6654,12.7999,41.8172,False
s436,4.5263,1.59765,-0.266649,9.31925,10.7496,35.1189,False
s437,2.6956,1.28008,-1.14463,6.53583,10.4017,33.9823,False
s438,3.7196,1.16547,0.223184,7.21602,1.42635,4.65989,False
s439,47.5771,20.7076,-14.5458,109.7,26.4326,86.3554,False
s440,63.2258,26.6961,-16.8626,143.314,31.8249,103.972,False
s441,11.4404,6.55028,-8.21043,31.0912,5.90506,19.2918,False
s442,0.8198,0.182434,0.272498,1.3671,0.196435,0.641752,False
s443,1.2323,0.494744,-0.251931,2.71653,0.595537,1.94562,False
s444,0.6451,0.140476,0.223671,1.06653,0.157631,0.51498,False
s445,0.9043,0.137734,0.491099,1.3175,0.162951,0.532362,False
s446,0.657,0.139661,0.238017,1.07598,0.155085,0.506664,False
s447,1.1741,0.172575,0.656376,1.69182,0.175006,0.571746,False
s448,0.2801,0.0836186,0.0292441,0.530956,0.0900134,0.294074,False
s449,0.24425,0.109193,-0.0833305,0.57183,0.221496,0.723628,False
s450,0,0,0,0,0,0,True
s451,0,0,0,0,0,0,True
s452,0,0,0,0,0,0,True
s453,5.17715,0.798084,2.7829,7.5714,0.873188,2.85271,False
s454,5.01345,2.27208,-1.8028,11.8297,2.20976,7.21929,False
s455,7.07095,2.44177,-0.254354,14.3963,2.72274,8.89518,False
s456,3.8742,1.05391,0.712481,7.03592,0.806522,2.63491,False
s457,11.0938,4.02793,-0.989983,23.1776,5.2271,17.0769,False
s458,4.74055,1.64257,-0.187168,9.66827,2.24423,7.33191,False
s459,0,0,0,0,0,0,True
s460,2.89675,0.713205,0.757136,5.03636,0.773234,2.52616,False
s461,26.1769,10.6891,-5.8904,58.2442,12.9555,42.3257,False
s462,0,0,0,0,0,0,True
s463,0,0,0,0,0,0,True
s464,0,0,0,0,0,0,True
s465,0,0,0,0,0,0,True
s466,0,0,0,0,0,0,True
s467,0,0,0,0,0,0,True
s468,5.7142,1.01128,2.68036,8.74804,3.11882,10.1892,False
s469,130.689,168.264,-374.102,635.481,213.398,697.171,False
s470,5.4209,0.808165,2.9964,7.8454,1.26525,4.13359,False
s471,3.7782,2.09358,-2.50254,10.0589,3.39202,11.0817,False
s472,7.5067,2.59485,-0.27784,15.2912,5.57727,18.2209,False
s473,138.255,46.8061,-2.16323,278.674,47.5584,155.373,False
s474,32.674,14.5946,-11.1096,76.4577,19.341,63.1871,False
s475,30.7152,14.3966,-12.4747,73.9052,19.5004,63.7077,False
s476,4.3864,0.738038,2.17229,6.60051,0.935456,3.05613,False
s477,16.4223,8.55223,-9.23439,42.079,12.6453,41.3121,False
s478,5.2964,1.8998,-0.403011,10.9958,3.26726,10.6741,False
s479,0,0,0,0,0,0,True
s480,3.251,0.724695,1.07692,5.42508,0.998196,3.26111,False
s481,72.3709,31.1057,-20.9462,165.688,36.1973,118.256,False
s482,0,0,0,0,0,0,True
s483,295.305,437.82,-1018.15,1608.76,326.233,1065.8,False
s484,139.542,106.163,-178.948,458.031,166.158,542.837,False
s485,149.169,146.397,-290.022,588.361,219.955,718.593,False
s486,111.625,122.492,-255.851,479.101,196.69,642.586,False
s487,256.861,380.822,-885.605,1399.33,299.831,979.547,False
s488,108.616,161.034,-374.485,591.717,234.087,764.762,False
s489,354.393,252.782,-403.951,1112.74,270.782,884.646,False
s490,222.364,182.046,-323.775,768.503,242.545,792.394,False
s491,49.758,17.1964,-1.83114,101.347,20.4027,66.6558,False
s492,2.2358,0.825512,-0.240735,4.71234,1.03817,3.39169,False
s493,7.9768,1.63501,3.07177,12.8818,2.00571,6.55267,False
s494,2.578,1.15361,-0.882833,6.03883,1.07559,3.51394,False
s495,0.2413,0.204599,-0.372496,0.855096,1.43267,4.68052,False
s496,6.6079,1.97631,0.678983,12.5368,2.42509,7.92277,False
s497,21.7883,9.94024,-8.03242,51.609,20.0074,65.3641,False
s498,10.8641,4.47612,-2.56425,24.2925,5.27699,17.2399,False
s499,0,0,0,0,0,0,True
s500,0,0,0,0,348.309,1137.92,True
s501,0,0,0,0,334.854,1093.97,True
s502,0,0,0,0,0,0,True
s503,0,0,0,0,0,0,True
s504,0,0,0,0,0,0,True
s505,0,0,0,0,0,0,True
s506,0,0,0,0,0,0,True
s507,0,0,0,0,0,0,True
s508,0,0,0,0,0,0,True
s509,0,0,0,0,0,0,True
s510,0,0,0,0,0,0,True
s511,49.0251,21.5757,-15.702,113.752,28.8267,94.1768,False
s512,0,0,0,0,343.215,1121.28,True
s513,0,0,0,0,0,0,True
s514,0,0,0,0,0,0,True
s515,0,0,0,0,0,0,True
s516,0,0,0,0,0,0,True
s517,0.19795,0.123945,-0.173886,0.569786,0.15625,0.51047,False
s518,0.98535,0.310086,0.0550926,1.91561,0.461483,1.50766,False
s519,1.5603,0.498005,0.066284,3.05432,0.520323,1.6999,False
s520,5.8624,3.41102,-4.37065,16.0955,10.953,35.7834,False
s521,2.2709,1.02359,-0.799861,5.34166,1.72071,5.62157,False
s522,0,0,0,0,21.7018,70.8999,True
s523,13.5705,5.50549,-2.94596,30.087,6.34626,20.7332,False
s524,0.0974,0.0415128,-0.0271384,0.221938,0.776636,2.53727,False
s525,4.9617,1.97808,-0.972555,10.896,3.23303,10.5623,False
s526,5.089,1.54665,0.449055,9.72894,2.17575,7.10818,False
s527,1.6078,1.38356,-2.54289,5.75849,1.04407,3.41097,False
s528,6.6019,2.14784,0.158372,13.0454,1.63622,5.34553,False
s529,0,0,0,0,0,0,True
s530,0,0,0,0,0,0,True
s531,0,0,0,0,0,0,True
s532,0,0,0,0,0,0,True
s533,0,0,0,0,0,0,True
s534,0,0,0,0,0,0,True
s535,0,0,0,0,0,0,True
s536,0,0,0,0,0,0,True
s537,0,0,0,0,0,0,True
s538,0,0,0,0,0,0,True
s539,0,0,0,0,0,0,True
s540,2.9906,1.45665,-1.37936,7.36056,0.551259,1.80096,False
s541,1.77825,0.78689,-0.58242,4.13892,0.367992,1.20223,False
s542,9.5858,2.70085,1.48324,17.6884,2.52952,8.26393,False
s543,0.1096,0,0.1096,0.1096,0.00136743,0.0044674,True
s544,0.0078,0,0.0078,0.0078,0.000852982,0.00278669,True
s545,0.0026,0,0.0026,0.0026,0.000182339,0.000595703,True
s546,7.116,0,7.116,7.116,0.751028,2.45361,True
s547,0.9406,0.383993,-0.21138,2.09258,0.414565,1.35438,False
s548,404.216,5.4278,387.933,420.499,5.38317,17.5868,False
s549,74.525,2.52339,66.9548,82.0952,3.39688,11.0976,False
s550,0.5007,0.410977,-0.73223,1.73363,0.584654,1.91006,False
s551,16.49,2.9059,7.77231,25.2077,3.77884,12.3455,False
s552,1.13,0.385476,-0.026428,2.28643,0.629563,2.05678,False
s553,0.20985,0.170425,-0.301425,0.721125,0.242954,0.79373,False
s554,7.4923,1.32619,3.51374,11.4709,1.75757,5.74197,False
s555,0.4681,0.185103,-0.0872078,1.02341,0.269623,0.880858,False
s556,56.7032,31.5529,-37.9555,151.362,35.0476,114.5,False
s557,4.08395,0.716022,1.93588,6.23202,0.933937,3.05117,False
s558,1.47625,0.50312,-0.0331109,2.98561,0.806165,2.63374,False
s559,0.9721,0.0268351,0.891595,1.05261,0.0598535,0.195541,False
s560,0.2909,0.212753,-0.347359,0.929159,0.213914,0.698856,False
s561,0.0562,0.0329137,-0.0425412,0.154941,0.0480688,0.157041,False
s562,29.3353,20.181,-31.2077,89.8783,20.4083,66.6738,False
s563,264.272,3.73912,253.055,275.489,7.31836,23.9091,False
s564,0.6558,0.131507,0.26128,1.05032,0.12152,0.397005,False
s565,5.26,1.58638,0.500854,10.0191,2.64241,8.63276,False
s566,0.1226,0.0517427,-0.0326282,0.277828,0.0801953,0.261998,False
s567,2.1939,0.625657,0.316928,4.07087,1.03536,3.38254,False
s568,0.0492,0.0163086,0.0002742,0.0981258,0.0320558,0.104726,False
s569,2.0436,0.580586,0.301842,3.78536,1.00996,3.29954,False
s570,17.4256,5.48518,0.970074,33.8811,10.0055,32.6879,False
s571,532.565,2.74696,524.324,540.805,7.27453,23.7659,False
s572,2.1417,0.234844,1.43717,2.84623,0.227946,0.7447,False
s573,8.72,1.83842,3.20473,14.2353,32.5581,106.367,False
s574,0.2936,0.092959,0.0147229,0.572477,0.176607,0.576976,False
s575,3.0029,0.669097,0.995608,5.01019,10.4872,34.2616,False
s576,0.0888,0.0272798,0.00696048,0.17064,0.0507089,0.165666,False
s577,1.6331,0.354193,0.570521,2.69568,6.54978,21.3981,False
s578,13.7332,4.23653,1.02361,26.4428,8.14645,26.6145,False
s579,0.021,0.0103782,-0.0101346,0.0521346,0.012782,0.0417589,False
s580,0.0146,0.0066717,-0.0054151,0.0346151,0.00828246,0.0270588,False
s581,0.0046,0.00207564,-0.00162692,0.0108269,0.00268434,0.00876975,False
s582,69.3607,43.6221,-61.5056,200.227,71.0786,232.214,False
s583,0.5003,0.00340998,0.49007,0.51053,0.00379617,0.0124021,False
s584,0.0137,0.00355824,0.00302528,0.0243747,0.00646955,0.021136,False
s585,0.0036,0.0007413,0.0013761,0.0058239,0.00131645,0.00430084,False
s586,2.73945,0.709869,0.609843,4.86906,1.30486,4.26298,False
s587,0.0207,0.0103782,-0.0104346,0.0518346,0.00469763,0.0153472,False
s588,0.0146,0.00652344,-0.00497032,0.0341703,0.00306343,0.0100082,False
s589,0.0046,0.00207564,-0.00162692,0.0108269,0.000993726,0.0032465,False
s590,70.0618,46.0847,-68.1923,208.316,26.3085,85.9497,False
