feature,t,value,center,ucl
f_row_missing_rate,0,0.0745763,0.040678,0.100987
f_row_missing_rate,1,0.0610169,0.040678,0.100987
f_row_missing_rate,2,0.0338983,0.040678,0.100987
f_row_missing_rate,3,0.0338983,0.040678,0.100987
f_row_missing_rate,4,0.0677966,0.040678,0.100987
f_row_missing_rate,5,0.040678,0.040678,0.100987
f_row_missing_rate,6,0.0677966,0.040678,0.100987
f_row_missing_rate,7,0.040678,0.040678,0.100987
f_row_missing_rate,8,0.040678,0.040678,0.100987
f_row_missing_rate,9,0.040678,0.040678,0.100987
f_row_missing_rate,10,0.0338983,0.040678,0.100987
f_row_missing_rate,11,0.040678,0.040678,0.100987
f_row_missing_rate,12,0.0474576,0.040678,0.100987
f_row_missing_rate,13,0.0542373,0.040678,0.100987
f_row_missing_rate,14,0.0474576,0.040678,0.100987
f_row_missing_rate,15,0.0474576,0.040678,0.100987
f_row_missing_rate,16,0.040678,0.040678,0.100987
f_row_missing_rate,17,0.0677966,0.040678,0.100987
f_row_missing_rate,18,0.0474576,0.040678,0.100987
f_row_missing_rate,19,0.0474576,0.040678,0.100987
f_row_missing_rate,20,0.0813559,0.040678,0.100987
f_row_missing_rate,21,0.0474576,0.040678,0.100987
f_row_missing_rate,22,0.040678,0.040678,0.100987
f_row_missing_rate,23,0.0474576,0.040678,0.100987
f_row_missing_rate,24,0.0474576,0.040678,0.100987
f_row_missing_rate,25,0.0474576,0.040678,0.100987
f_row_missing_rate,26,0.0745763,0.040678,0.100987
f_row_missing_rate,27,0.0338983,0.040678,0.100987
f_row_missing_rate,28,0.0338983,0.040678,0.100987
f_row_missing_rate,29,0.0338983,0.040678,0.100987
f_row_missing_rate,30,0.0474576,0.040678,0.100987
f_row_missing_rate,31,0.0338983,0.040678,0.100987
f_row_missing_rate,32,0.0474576,0.040678,0.100987
f_row_missing_rate,33,0.059322,0.040678,0.100987
f_row_missing_rate,34,0.0338983,0.040678,0.100987
f_row_missing_rate,35,0.0474576,0.040678,0.100987
f_row_missing_rate,36,0.0474576,0.040678,0.100987
f_row_missing_rate,37,0.0338983,0.040678,0.100987
f_row_missing_rate,38,0.0474576,0.040678,0.100987
f_row_missing_rate,39,0.0542373,0.040678,0.100987
f_row_missing_rate,40,0.0338983,0.040678,0.100987
f_row_missing_rate,41,0.0542373,0.040678,0.100987
f_row_missing_rate,42,0.040678,0.040678,0.100987
f_row_missing_rate,43,0.0474576,0.040678,0.100987
f_row_missing_rate,44,0.0474576,0.040678,0.100987
f_row_missing_rate,45,0.0338983,0.040678,0.100987
f_row_missing_rate,46,0.0474576,0.040678,0.100987
f_row_missing_rate,47,0.0474576,0.040678,0.100987
f_row_missing_rate,48,0.0338983,0.040678,0.100987
f_row_missing_rate,49,0.0474576,0.040678,0.100987
f_row_missing_rate,50,0.0745763,0.040678,0.100987
f_row_missing_rate,51,0.0338983,0.040678,0.100987
f_row_missing_rate,52,0.0474576,0.040678,0.100987
f_row_missing_rate,53,0.079661,0.040678,0.100987
f_row_missing_rate,54,0.0338983,0.040678,0.100987
f_row_missing_rate,55,0.0474576,0.040678,0.100987
f_row_missing_rate,56,0.0338983,0.040678,0.100987
f_row_missing_rate,57,0.0338983,0.040678,0.100987
f_row_missing_rate,58,0.0338983,0.040678,0.100987
f_row_missing_rate,59,0.0610169,0.040678,0.100987
f_row_missing_rate,60,0.0338983,0.040678,0.100987
f_row_missing_rate,61,0.0338983,0.040678,0.100987
f_row_missing_rate,62,0.0338983,0.040678,0.100987
f_row_missing_rate,63,0.0338983,0.040678,0.100987
f_row_missing_rate,64,0.040678,0.040678,0.100987
f_row_missing_rate,65,0.0542373,0.040678,0.100987
f_row_missing_rate,66,0.0338983,0.040678,0.100987
f_row_missing_rate,67,0.040678,0.040678,0.100987
f_row_missing_rate,68,0.0338983,0.040678,0.100987
f_row_missing_rate,69,0.0338983,0.040678,0.100987
f_row_missing_rate,70,0.0338983,0.040678,0.100987
f_row_missing_rate,71,0.040678,0.040678,0.100987
f_row_missing_rate,72,0.0474576,0.040678,0.100987
f_row_missing_rate,73,0.0338983,0.040678,0.100987
f_row_missing_rate,74,0.0745763,0.040678,0.100987
f_row_missing_rate,75,0.0338983,0.040678,0.100987
f_row_missing_rate,76,0.0474576,0.040678,0.100987
f_row_missing_rate,77,0.0338983,0.040678,0.100987
f_row_missing_rate,78,0.0338983,0.040678,0.100987
f_row_missing_rate,79,0.0474576,0.040678,0.100987
f_row_missing_rate,80,0.0338983,0.040678,0.100987
f_row_missing_rate,81,0.0338983,0.040678,0.100987
f_row_missing_rate,82,0.0338983,0.040678,0.100987
f_row_missing_rate,83,0.0474576,0.040678,0.100987
f_row_missing_rate,84,0.0474576,0.040678,0.100987
f_row_missing_rate,85,0.0542373,0.040678,0.100987
f_row_missing_rate,86,0.0474576,0.040678,0.100987
f_row_missing_rate,87,0.040678,0.040678,0.100987
f_row_missing_rate,88,0.0542373,0.040678,0.100987
f_row_missing_rate,89,0.147458,0.040678,0.100987
f_row_missing_rate,90,0.0474576,0.040678,0.100987
f_row_missing_rate,91,0.040678,0.040678,0.100987
f_row_missing_rate,92,0.0474576,0.040678,0.100987
f_row_missing_rate,93,0.162712,0.040678,0.100987
f_row_missing_rate,94,0.115254,0.040678,0.100987
f_row_missing_rate,95,0.162712,0.040678,0.100987
f_row_missing_rate,96,0.0338983,0.040678,0.100987
f_row_missing_rate,97,0.0610169,0.040678,0.100987
f_row_missing_rate,98,0.0813559,0.040678,0.100987
f_row_missing_rate,99,0.0474576,0.040678,0.100987
f_row_missing_rate,100,0.0610169,0.040678,0.100987
f_row_missing_rate,101,0.0677966,0.040678,0.100987
f_row_missing_rate,102,0.0474576,0.040678,0.100987
f_row_missing_rate,103,0.0610169,0.040678,0.100987
f_row_missing_rate,104,0.0474576,0.040678,0.100987
f_row_missing_rate,105,0.0474576,0.040678,0.100987
f_row_missing_rate,106,0.040678,0.040678,0.100987
f_row_missing_rate,107,0.0474576,0.040678,0.100987
f_row_missing_rate,108,0.040678,0.040678,0.100987
f_row_missing_rate,109,0.0542373,0.040678,0.100987
f_row_missing_rate,110,0.0338983,0.040678,0.100987
f_row_missing_rate,111,0.0542373,0.040678,0.100987
f_row_missing_rate,112,0.0474576,0.040678,0.100987
f_row_missing_rate,113,0.0474576,0.040678,0.100987
f_row_missing_rate,114,0.0474576,0.040678,0.100987
f_row_missing_rate,115,0.0610169,0.040678,0.100987
f_row_missing_rate,116,0.0474576,0.040678,0.100987
f_row_missing_rate,117,0.0474576,0.040678,0.100987
f_row_missing_rate,118,0.0677966,0.040678,0.100987
f_row_missing_rate,119,0.0338983,0.040678,0.100987
f_row_missing_rate,120,0.040678,0.040678,0.100987
f_row_missing_rate,121,0.0338983,0.040678,0.100987
f_row_missing_rate,122,0.0338983,0.040678,0.100987
f_row_missing_rate,123,0.0474576,0.040678,0.100987
f_row_missing_rate,124,0.0474576,0.040678,0.100987
f_row_missing_rate,125,0.0338983,0.040678,0.100987
f_row_missing_rate,126,0.040678,0.040678,0.100987
f_row_missing_rate,127,0.0474576,0.040678,0.100987
f_row_missing_rate,128,0.0474576,0.040678,0.100987
f_row_missing_rate,129,0.0338983,0.040678,0.100987
f_row_missing_rate,130,0.0338983,0.040678,0.100987
f_row_missing_rate,131,0.0338983,0.040678,0.100987
f_row_missing_rate,132,0.0542373,0.040678,0.100987
f_row_missing_rate,133,0.142373,0.040678,0.100987
f_row_missing_rate,134,0.0677966,0.040678,0.100987
f_row_missing_rate,135,0.0677966,0.040678,0.100987
f_row_missing_rate,136,0.0474576,0.040678,0.100987
f_row_missing_rate,137,0.0677966,0.040678,0.100987
f_row_missing_rate,138,0.0474576,0.040678,0.100987
f_row_missing_rate,139,0.0474576,0.040678,0.100987
f_row_missing_rate,140,0.0677966,0.040678,0.100987
f_row_missing_rate,141,0.0474576,0.040678,0.100987
f_row_missing_rate,142,0.0610169,0.040678,0.100987
f_row_missing_rate,143,0.0338983,0.040678,0.100987
f_row_missing_rate,144,0.0338983,0.040678,0.100987
f_row_missing_rate,145,0.0610169,0.040678,0.100987
f_row_missing_rate,146,0.0474576,0.040678,0.100987
f_row_missing_rate,147,0.040678,0.040678,0.100987
f_row_missing_rate,148,0.0474576,0.040678,0.100987
f_row_missing_rate,149,0.040678,0.040678,0.100987
f_row_missing_rate,150,0.0474576,0.040678,0.100987
f_row_missing_rate,151,0.0881356,0.040678,0.100987
f_row_missing_rate,152,0.0474576,0.040678,0.100987
f_row_missing_rate,153,0.0338983,0.040678,0.100987
f_row_missing_rate,154,0.0474576,0.040678,0.100987
f_row_missing_rate,155,0.040678,0.040678,0.100987
f_row_missing_rate,156,0.0474576,0.040678,0.100987
f_row_missing_rate,157,0.040678,0.040678,0.100987
f_row_missing_rate,158,0.0474576,0.040678,0.100987
f_row_missing_rate,159,0.0338983,0.040678,0.100987
f_row_missing_rate,160,0.0338983,0.040678,0.100987
f_row_missing_rate,161,0.0338983,0.040678,0.100987
f_row_missing_rate,162,0.0338983,0.040678,0.100987
f_row_missing_rate,163,0.0542373,0.040678,0.100987
f_row_missing_rate,164,0.040678,0.040678,0.100987
f_row_missing_rate,165,0.0610169,0.040678,0.100987
f_row_missing_rate,166,0.0338983,0.040678,0.100987
f_row_missing_rate,167,0.040678,0.040678,0.100987
f_row_missing_rate,168,0.040678,0.040678,0.100987
f_row_missing_rate,169,0.0542373,0.040678,0.100987
f_row_missing_rate,170,0.0338983,0.040678,0.100987
f_row_missing_rate,171,0.0474576,0.040678,0.100987
f_row_missing_rate,172,0.0338983,0.040678,0.100987
f_row_missing_rate,173,0.0677966,0.040678,0.100987
f_row_missing_rate,174,0.040678,0.040678,0.100987
f_row_missing_rate,175,0.0677966,0.040678,0.100987
f_row_missing_rate,176,0.0474576,0.040678,0.100987
f_row_missing_rate,177,0.0610169,0.040678,0.100987
f_row_missing_rate,178,0.040678,0.040678,0.100987
f_row_missing_rate,179,0.040678,0.040678,0.100987
f_row_missing_rate,180,0.040678,0.040678,0.100987
f_row_missing_rate,181,0.0474576,0.040678,0.100987
f_row_missing_rate,182,0.0338983,0.040678,0.100987
f_row_missing_rate,183,0.0728814,0.040678,0.100987
f_row_missing_rate,184,0.0474576,0.040678,0.100987
f_row_missing_rate,185,0.0610169,0.040678,0.100987
f_row_missing_rate,186,0.0338983,0.040678,0.100987
f_row_missing_rate,187,0.0474576,0.040678,0.100987
f_row_missing_rate,188,0.0610169,0.040678,0.100987
f_row_missing_rate,189,0.0474576,0.040678,0.100987
f_row_missing_rate,190,0.0338983,0.040678,0.100987
f_row_missing_rate,191,0.0474576,0.040678,0.100987
f_row_missing_rate,192,0.0542373,0.040678,0.100987
f_row_missing_rate,193,0.040678,0.040678,0.100987
f_row_missing_rate,194,0.0338983,0.040678,0.100987
f_row_missing_rate,195,0.101695,0.040678,0.100987
f_row_missing_rate,196,0.0525424,0.040678,0.100987
f_row_missing_rate,197,0.040678,0.040678,0.100987
f_row_missing_rate,198,0.0745763,0.040678,0.100987
f_row_missing_rate,199,0.0474576,0.040678,0.100987
f_row_missing_rate,200,0.0542373,0.040678,0.100987
f_row_missing_rate,201,0.0813559,0.040678,0.100987
f_row_missing_rate,202,0.0542373,0.040678,0.100987
f_row_missing_rate,203,0.0542373,0.040678,0.100987
f_row_missing_rate,204,0.0677966,0.040678,0.100987
f_row_missing_rate,205,0.0474576,0.040678,0.100987
f_row_missing_rate,206,0.040678,0.040678,0.100987
f_row_missing_rate,207,0.0474576,0.040678,0.100987
f_row_missing_rate,208,0.0474576,0.040678,0.100987
f_row_missing_rate,209,0.0338983,0.040678,0.100987
f_row_missing_rate,210,0.0542373,0.040678,0.100987
f_row_missing_rate,211,0.0474576,0.040678,0.100987
f_row_missing_rate,212,0.0542373,0.040678,0.100987
f_row_missing_rate,213,0.0542373,0.040678,0.100987
f_row_missing_rate,214,0.0610169,0.040678,0.100987
f_row_missing_rate,215,0.0474576,0.040678,0.100987
f_row_missing_rate,216,0.0338983,0.040678,0.100987
f_row_missing_rate,217,0.040678,0.040678,0.100987
f_row_missing_rate,218,0.040678,0.040678,0.100987
f_row_missing_rate,219,0.040678,0.040678,0.100987
f_row_missing_rate,220,0.040678,0.040678,0.100987
f_row_missing_rate,221,0.040678,0.040678,0.100987
f_row_missing_rate,222,0.0542373,0.040678,0.100987
f_row_missing_rate,223,0.0474576,0.040678,0.100987
f_row_missing_rate,224,0.0338983,0.040678,0.100987
f_row_missing_rate,225,0.0338983,0.040678,0.100987
f_row_missing_rate,226,0.0542373,0.040678,0.100987
f_row_missing_rate,227,0.0474576,0.040678,0.100987
f_row_missing_rate,228,0.0338983,0.040678,0.100987
f_row_missing_rate,229,0.0542373,0.040678,0.100987
f_row_missing_rate,230,0.0542373,0.040678,0.100987
f_row_missing_rate,231,0.040678,0.040678,0.100987
f_row_missing_rate,232,0.040678,0.040678,0.100987
f_row_missing_rate,233,0.0474576,0.040678,0.100987
f_row_missing_rate,234,0.040678,0.040678,0.100987
f_row_missing_rate,235,0.0745763,0.040678,0.100987
f_row_missing_rate,236,0.040678,0.040678,0.100987
f_row_missing_rate,237,0.040678,0.040678,0.100987
f_row_missing_rate,238,0.0610169,0.040678,0.100987
f_row_missing_rate,239,0.0338983,0.040678,0.100987
f_row_missing_rate,240,0.0338983,0.040678,0.100987
f_row_missing_rate,241,0.040678,0.040678,0.100987
f_row_missing_rate,242,0.0474576,0.040678,0.100987
f_row_missing_rate,243,0.040678,0.040678,0.100987
f_row_missing_rate,244,0.040678,0.040678,0.100987
f_row_missing_rate,245,0.0610169,0.040678,0.100987
f_row_missing_rate,246,0.0610169,0.040678,0.100987
f_row_missing_rate,247,0.0542373,0.040678,0.100987
f_row_missing_rate,248,0.0610169,0.040678,0.100987
f_row_missing_rate,249,0.0542373,0.040678,0.100987
f_row_missing_rate,250,0.0542373,0.040678,0.100987
f_row_missing_rate,251,0.0610169,0.040678,0.100987
f_row_missing_rate,252,0.0745763,0.040678,0.100987
f_row_missing_rate,253,0.0338983,0.040678,0.100987
f_row_missing_rate,254,0.0338983,0.040678,0.100987
f_row_missing_rate,255,0.040678,0.040678,0.100987
f_row_missing_rate,256,0.0542373,0.040678,0.100987
f_row_missing_rate,257,0.0610169,0.040678,0.100987
f_row_missing_rate,258,0.040678,0.040678,0.100987
f_row_missing_rate,259,0.040678,0.040678,0.100987
f_row_missing_rate,260,0.0542373,0.040678,0.100987
f_row_missing_rate,261,0.040678,0.040678,0.100987
f_row_missing_rate,262,0.0745763,0.040678,0.100987
f_row_missing_rate,263,0.0338983,0.040678,0.100987
f_row_missing_rate,264,0.0474576,0.040678,0.100987
f_row_missing_rate,265,0.0677966,0.040678,0.100987
f_row_missing_rate,266,0.0542373,0.040678,0.100987
f_row_missing_rate,267,0.0338983,0.040678,0.100987
f_row_missing_rate,268,0.0542373,0.040678,0.100987
f_row_missing_rate,269,0.0745763,0.040678,0.100987
f_row_missing_rate,270,0.0474576,0.040678,0.100987
f_row_missing_rate,271,0.0542373,0.040678,0.100987
f_row_missing_rate,272,0.0745763,0.040678,0.100987
f_row_missing_rate,273,0.0474576,0.040678,0.100987
f_row_missing_rate,274,0.0542373,0.040678,0.100987
f_row_missing_rate,275,0.0474576,0.040678,0.100987
f_row_missing_rate,276,0.040678,0.040678,0.100987
f_row_missing_rate,277,0.0338983,0.040678,0.100987
f_row_missing_rate,278,0.040678,0.040678,0.100987
f_row_missing_rate,279,0.040678,0.040678,0.100987
f_row_missing_rate,280,0.0474576,0.040678,0.100987
f_row_missing_rate,281,0.0542373,0.040678,0.100987
f_row_missing_rate,282,0.0745763,0.040678,0.100987
f_row_missing_rate,283,0.0610169,0.040678,0.100987
f_row_missing_rate,284,0.0813559,0.040678,0.100987
f_row_missing_rate,285,0.040678,0.040678,0.100987
f_row_missing_rate,286,0.0474576,0.040678,0.100987
f_row_missing_rate,287,0.0338983,0.040678,0.100987
f_row_missing_rate,288,0.040678,0.040678,0.100987
f_row_missing_rate,289,0.0338983,0.040678,0.100987
f_row_missing_rate,290,0.0474576,0.040678,0.100987
f_row_missing_rate,291,0.0474576,0.040678,0.100987
f_row_missing_rate,292,0.0610169,0.040678,0.100987
f_row_missing_rate,293,0.040678,0.040678,0.100987
f_row_missing_rate,294,0.0542373,0.040678,0.100987
f_row_missing_rate,295,0.0542373,0.040678,0.100987
f_row_missing_rate,296,0.0610169,0.040678,0.100987
f_row_missing_rate,297,0.0610169,0.040678,0.100987
f_row_missing_rate,298,0.0474576,0.040678,0.100987
f_row_missing_rate,299,0.135593,0.040678,0.100987
f_row_missing_rate,300,0.0610169,0.040678,0.100987
f_row_missing_rate,301,0.040678,0.040678,0.100987
f_row_missing_rate,302,0.0542373,0.040678,0.100987
f_row_missing_rate,303,0.0610169,0.040678,0.100987
f_row_missing_rate,304,0.0474576,0.040678,0.100987
f_row_missing_rate,305,0.0542373,0.040678,0.100987
f_row_missing_rate,306,0.040678,0.040678,0.100987
f_row_missing_rate,307,0.0677966,0.040678,0.100987
f_row_missing_rate,308,0.0745763,0.040678,0.100987
f_row_missing_rate,309,0.0610169,0.040678,0.100987
f_row_missing_rate,310,0.040678,0.040678,0.100987
f_row_missing_rate,311,0.0474576,0.040678,0.100987
f_row_missing_rate,312,0.0338983,0.040678,0.100987
f_row_missing_rate,313,0.0542373,0.040678,0.100987
f_row_missing_rate,314,0.0271186,0.040678,0.100987
f_row_missing_rate,315,0.040678,0.040678,0.100987
f_row_missing_rate,316,0.108475,0.040678,0.100987
f_row_missing_rate,317,0.0610169,0.040678,0.100987
f_row_missing_rate,318,0.0338983,0.040678,0.100987
f_row_missing_rate,319,0.0474576,0.040678,0.100987
f_row_missing_rate,320,0.0542373,0.040678,0.100987
f_row_missing_rate,321,0.0677966,0.040678,0.100987
f_row_missing_rate,322,0.0677966,0.040678,0.100987
f_row_missing_rate,323,0.0474576,0.040678,0.100987
f_row_missing_rate,324,0.0542373,0.040678,0.100987
f_row_missing_rate,325,0.0610169,0.040678,0.100987
f_row_missing_rate,326,0.0677966,0.040678,0.100987
f_row_missing_rate,327,0.0677966,0.040678,0.100987
f_row_missing_rate,328,0.0542373,0.040678,0.100987
f_row_missing_rate,329,0.0813559,0.040678,0.100987
f_row_missing_rate,330,0.0610169,0.040678,0.100987
f_row_missing_rate,331,0.0474576,0.040678,0.100987
f_row_missing_rate,332,0.040678,0.040678,0.100987
f_row_missing_rate,333,0.040678,0.040678,0.100987
f_row_missing_rate,334,0.040678,0.040678,0.100987
f_row_missing_rate,335,0.0745763,0.040678,0.100987
f_row_missing_rate,336,0.108475,0.040678,0.100987
f_row_missing_rate,337,0.0474576,0.040678,0.100987
f_row_missing_rate,338,0.0474576,0.040678,0.100987
f_row_missing_rate,339,0.0542373,0.040678,0.100987
f_row_missing_rate,340,0.0338983,0.040678,0.100987
f_row_missing_rate,341,0.0610169,0.040678,0.100987
f_row_missing_rate,342,0.0338983,0.040678,0.100987
f_row_missing_rate,343,0.0474576,0.040678,0.100987
f_row_missing_rate,344,0.0745763,0.040678,0.100987
f_row_missing_rate,345,0.0474576,0.040678,0.100987
f_row_missing_rate,346,0.0813559,0.040678,0.100987
f_row_missing_rate,347,0.0338983,0.040678,0.100987
f_row_missing_rate,348,0.0474576,0.040678,0.100987
f_row_missing_rate,349,0.040678,0.040678,0.100987
f_row_missing_rate,350,0.040678,0.040678,0.100987
f_row_missing_rate,351,0.040678,0.040678,0.100987
f_row_missing_rate,352,0.0474576,0.040678,0.100987
f_row_missing_rate,353,0.0474576,0.040678,0.100987
f_row_missing_rate,354,0.0542373,0.040678,0.100987
f_row_missing_rate,355,0.040678,0.040678,0.100987
f_row_missing_rate,356,0.0474576,0.040678,0.100987
f_row_missing_rate,357,0.0474576,0.040678,0.100987
f_row_missing_rate,358,0.0677966,0.040678,0.100987
f_row_missing_rate,359,0.040678,0.040678,0.100987
f_row_missing_rate,360,0.0338983,0.040678,0.100987
f_row_missing_rate,361,0.040678,0.040678,0.100987
f_row_missing_rate,362,0.0610169,0.040678,0.100987
f_row_missing_rate,363,0.040678,0.040678,0.100987
f_row_missing_rate,364,0.0542373,0.040678,0.100987
f_row_missing_rate,365,0.0338983,0.040678,0.100987
f_row_missing_rate,366,0.040678,0.040678,0.100987
f_row_missing_rate,367,0.0338983,0.040678,0.100987
f_row_missing_rate,368,0.040678,0.040678,0.100987
f_row_missing_rate,369,0.0677966,0.040678,0.100987
f_row_missing_rate,370,0.040678,0.040678,0.100987
f_row_missing_rate,371,0.0338983,0.040678,0.100987
f_row_missing_rate,372,0.0677966,0.040678,0.100987
f_row_missing_rate,373,0.0677966,0.040678,0.100987
f_row_missing_rate,374,0.0610169,0.040678,0.100987
f_row_missing_rate,375,0.0745763,0.040678,0.100987
f_row_missing_rate,376,0.0542373,0.040678,0.100987
f_row_missing_rate,377,0.040678,0.040678,0.100987
f_row_missing_rate,378,0.0542373,0.040678,0.100987
f_row_missing_rate,379,0.0474576,0.040678,0.100987
f_row_missing_rate,380,0.0271186,0.040678,0.100987
f_row_missing_rate,381,0.040678,0.040678,0.100987
f_row_missing_rate,382,0.0610169,0.040678,0.100987
f_row_missing_rate,383,0.0677966,0.040678,0.100987
f_row_missing_rate,384,0.0745763,0.040678,0.100987
f_row_missing_rate,385,0.0338983,0.040678,0.100987
f_row_missing_rate,386,0.0610169,0.040678,0.100987
f_row_missing_rate,387,0.0474576,0.040678,0.100987
f_row_missing_rate,388,0.0677966,0.040678,0.100987
f_row_missing_rate,389,0.040678,0.040678,0.100987
f_row_missing_rate,390,0.0474576,0.040678,0.100987
f_row_missing_rate,391,0.0610169,0.040678,0.100987
f_row_missing_rate,392,0.0474576,0.040678,0.100987
f_row_missing_rate,393,0.0338983,0.040678,0.100987
f_row_missing_rate,394,0.0474576,0.040678,0.100987
f_row_missing_rate,395,0.040678,0.040678,0.100987
f_row_missing_rate,396,0.0338983,0.040678,0.100987
f_row_missing_rate,397,0.0813559,0.040678,0.100987
f_row_missing_rate,398,0.0338983,0.040678,0.100987
f_row_missing_rate,399,0.0610169,0.040678,0.100987
f_row_missing_rate,400,0.040678,0.040678,0.100987
f_row_missing_rate,401,0.0542373,0.040678,0.100987
f_row_missing_rate,402,0.040678,0.040678,0.100987
f_row_missing_rate,403,0.0610169,0.040678,0.100987
f_row_missing_rate,404,0.0474576,0.040678,0.100987
f_row_missing_rate,405,0.0677966,0.040678,0.100987
f_row_missing_rate,406,0.0610169,0.040678,0.100987
f_row_missing_rate,407,0.0610169,0.040678,0.100987
f_row_missing_rate,408,0.040678,0.040678,0.100987
f_row_missing_rate,409,0.0474576,0.040678,0.100987
f_row_missing_rate,410,0.0474576,0.040678,0.100987
f_row_missing_rate,411,0.040678,0.040678,0.100987
f_row_missing_rate,412,0.040678,0.040678,0.100987
f_row_missing_rate,413,0.0610169,0.040678,0.100987
f_row_missing_rate,414,0.0474576,0.040678,0.100987
f_row_missing_rate,415,0.0338983,0.040678,0.100987
f_row_missing_rate,416,0.040678,0.040678,0.100987
f_row_missing_rate,417,0.0610169,0.040678,0.100987
f_row_missing_rate,418,0.040678,0.040678,0.100987
f_row_missing_rate,419,0.040678,0.040678,0.100987
f_row_missing_rate,420,0.0610169,0.040678,0.100987
f_row_missing_rate,421,0.0677966,0.040678,0.100987
f_row_missing_rate,422,0.040678,0.040678,0.100987
f_row_missing_rate,423,0.040678,0.040678,0.100987
f_row_missing_rate,424,0.0474576,0.040678,0.100987
f_row_missing_rate,425,0.0474576,0.040678,0.100987
f_row_missing_rate,426,0.0677966,0.040678,0.100987
f_row_missing_rate,427,0.0677966,0.040678,0.100987
f_row_missing_rate,428,0.0542373,0.040678,0.100987
f_row_missing_rate,429,0.040678,0.040678,0.100987
f_row_missing_rate,430,0.0542373,0.040678,0.100987
f_row_missing_rate,431,0.0542373,0.040678,0.100987
f_row_missing_rate,432,0.0745763,0.040678,0.100987
f_row_missing_rate,433,0.0542373,0.040678,0.100987
f_row_missing_rate,434,0.040678,0.040678,0.100987
f_row_missing_rate,435,0.040678,0.040678,0.100987
f_row_missing_rate,436,0.0610169,0.040678,0.100987
f_row_missing_rate,437,0.0474576,0.040678,0.100987
f_row_missing_rate,438,0.0542373,0.040678,0.100987
f_row_missing_rate,439,0.040678,0.040678,0.100987
f_row_missing_rate,440,0.040678,0.040678,0.100987
f_row_missing_rate,441,0.0745763,0.040678,0.100987
f_row_missing_rate,442,0.0542373,0.040678,0.100987
f_row_missing_rate,443,0.0542373,0.040678,0.100987
f_row_missing_rate,444,0.0542373,0.040678,0.100987
f_row_missing_rate,445,0.0338983,0.040678,0.100987
f_row_missing_rate,446,0.0338983,0.040678,0.100987
f_row_missing_rate,447,0.0338983,0.040678,0.100987
f_row_missing_rate,448,0.0474576,0.040678,0.100987
f_row_missing_rate,449,0.0610169,0.040678,0.100987
f_row_missing_rate,450,0.0677966,0.040678,0.100987
f_row_missing_rate,451,0.040678,0.040678,0.100987
f_row_missing_rate,452,0.040678,0.040678,0.100987
f_row_missing_rate,453,0.040678,0.040678,0.100987
f_row_missing_rate,454,0.0745763,0.040678,0.100987
f_row_missing_rate,455,0.0338983,0.040678,0.100987
f_row_missing_rate,456,0.0542373,0.040678,0.100987
f_row_missing_rate,457,0.0610169,0.040678,0.100987
f_row_missing_rate,458,0.0610169,0.040678,0.100987
f_row_missing_rate,459,0.0949153,0.040678,0.100987
f_row_missing_rate,460,0.0610169,0.040678,0.100987
f_row_missing_rate,461,0.0474576,0.040678,0.100987
f_row_missing_rate,462,0.040678,0.040678,0.100987
f_row_missing_rate,463,0.0677966,0.040678,0.100987
f_row_missing_rate,464,0.0610169,0.040678,0.100987
f_row_missing_rate,465,0.0745763,0.040678,0.100987
f_row_missing_rate,466,0.0610169,0.040678,0.100987
f_row_missing_rate,467,0.040678,0.040678,0.100987
f_row_missing_rate,468,0.0745763,0.040678,0.100987
f_row_missing_rate,469,0.0610169,0.040678,0.100987
f_row_missing_rate,470,0.0542373,0.040678,0.100987
f_row_missing_rate,471,0.0542373,0.040678,0.100987
f_row_missing_rate,472,0.0542373,0.040678,0.100987
f_row_missing_rate,473,0.0474576,0.040678,0.100987
f_row_missing_rate,474,0.0542373,0.040678,0.100987
f_row_missing_rate,475,0.0542373,0.040678,0.100987
f_row_missing_rate,476,0.0661017,0.040678,0.100987
f_row_missing_rate,477,0.0610169,0.040678,0.100987
f_row_missing_rate,478,0.0661017,0.040678,0.100987
f_row_missing_rate,479,0.040678,0.040678,0.100987
f_row_missing_rate,480,0.040678,0.040678,0.100987
f_row_missing_rate,481,0.0474576,0.040678,0.100987
f_row_missing_rate,482,0.0542373,0.040678,0.100987
f_row_missing_rate,483,0.0813559,0.040678,0.100987
f_row_missing_rate,484,0.0542373,0.040678,0.100987
f_row_missing_rate,485,0.0542373,0.040678,0.100987
f_row_missing_rate,486,0.0745763,0.040678,0.100987
f_row_missing_rate,487,0.0610169,0.040678,0.100987
f_row_missing_rate,488,0.040678,0.040678,0.100987
f_row_missing_rate,489,0.0338983,0.040678,0.100987
f_row_missing_rate,490,0.0542373,0.040678,0.100987
f_row_missing_rate,491,0.0677966,0.040678,0.100987
f_row_missing_rate,492,0.0610169,0.040678,0.100987
f_row_missing_rate,493,0.0677966,0.040678,0.100987
f_row_missing_rate,494,0.0745763,0.040678,0.100987
f_row_missing_rate,495,0.040678,0.040678,0.100987
f_row_missing_rate,496,0.040678,0.040678,0.100987
f_row_missing_rate,497,0.0745763,0.040678,0.100987
f_row_missing_rate,498,0.0474576,0.040678,0.100987
f_row_missing_rate,499,0.0610169,0.040678,0.100987
f_row_missing_rate,500,0.0813559,0.040678,0.100987
f_row_missing_rate,501,0.0474576,0.040678,0.100987
f_row_missing_rate,502,0.0542373,0.040678,0.100987
f_row_missing_rate,503,0.0542373,0.040678,0.100987
f_row_missing_rate,504,0.040678,0.040678,0.100987
f_row_missing_rate,505,0.0813559,0.040678,0.100987
f_row_missing_rate,506,0.0542373,0.040678,0.100987
f_row_missing_rate,507,0.0474576,0.040678,0.100987
f_row_missing_rate,508,0.040678,0.040678,0.100987
f_row_missing_rate,509,0.040678,0.040678,0.100987
f_row_missing_rate,510,0.0474576,0.040678,0.100987
f_row_missing_rate,511,0.169492,0.040678,0.100987
f_row_missing_rate,512,0.142373,0.040678,0.100987
f_row_missing_rate,513,0.0610169,0.040678,0.100987
f_row_missing_rate,514,0.040678,0.040678,0.100987
f_row_missing_rate,515,0.0745763,0.040678,0.100987
f_row_missing_rate,516,0.040678,0.040678,0.100987
f_row_missing_rate,517,0.0338983,0.040678,0.100987
f_row_missing_rate,518,0.0542373,0.040678,0.100987
f_row_missing_rate,519,0.0474576,0.040678,0.100987
f_row_missing_rate,520,0.0474576,0.040678,0.100987
f_row_missing_rate,521,0.0610169,0.040678,0.100987
f_row_missing_rate,522,0.0745763,0.040678,0.100987
f_row_missing_rate,523,0.0338983,0.040678,0.100987
f_row_missing_rate,524,0.0610169,0.040678,0.100987
f_row_missing_rate,525,0.0338983,0.040678,0.100987
f_row_missing_rate,526,0.0745763,0.040678,0.100987
f_row_missing_rate,527,0.040678,0.040678,0.100987
f_row_missing_rate,528,0.0813559,0.040678,0.100987
f_row_missing_rate,529,0.0474576,0.040678,0.100987
f_row_missing_rate,530,0.0610169,0.040678,0.100987
f_row_missing_rate,531,0.0542373,0.040678,0.100987
f_row_missing_rate,532,0.0610169,0.040678,0.100987
f_row_missing_rate,533,0.0813559,0.040678,0.100987
f_row_missing_rate,534,0.0813559,0.040678,0.100987
f_row_missing_rate,535,0.040678,0.040678,0.100987
f_row_missing_rate,536,0.0474576,0.040678,0.100987
f_row_missing_rate,537,0.0610169,0.040678,0.100987
f_row_missing_rate,538,0.0677966,0.040678,0.100987
f_row_missing_rate,539,0.0610169,0.040678,0.100987
f_row_missing_rate,540,0.0745763,0.040678,0.100987
f_row_missing_rate,541,0.0745763,0.040678,0.100987
f_row_missing_rate,542,0.0745763,0.040678,0.100987
f_row_missing_rate,543,0.040678,0.040678,0.100987
f_row_missing_rate,544,0.0542373,0.040678,0.100987
f_row_missing_rate,545,0.0677966,0.040678,0.100987
f_row_missing_rate,546,0.040678,0.040678,0.100987
f_row_missing_rate,547,0.0474576,0.040678,0.100987
f_row_missing_rate,548,0.040678,0.040678,0.100987
f_row_missing_rate,549,0.0677966,0.040678,0.100987
f_row_missing_rate,550,0.040678,0.040678,0.100987
f_row_missing_rate,551,0.0610169,0.040678,0.100987
f_row_missing_rate,552,0.0677966,0.040678,0.100987
f_row_missing_rate,553,0.0610169,0.040678,0.100987
f_row_missing_rate,554,0.0610169,0.040678,0.100987
f_row_missing_rate,555,0.0610169,0.040678,0.100987
f_row_missing_rate,556,0.0813559,0.040678,0.100987
f_row_missing_rate,557,0.0610169,0.040678,0.100987
f_row_missing_rate,558,0.0610169,0.040678,0.100987
f_row_missing_rate,559,0.0474576,0.040678,0.100987
f_row_missing_rate,560,0.0542373,0.040678,0.100987
f_row_missing_rate,561,0.0474576,0.040678,0.100987
f_row_missing_rate,562,0.040678,0.040678,0.100987
f_row_missing_rate,563,0.0745763,0.040678,0.100987
f_row_missing_rate,564,0.0813559,0.040678,0.100987
f_row_missing_rate,565,0.059322,0.040678,0.100987
f_row_missing_rate,566,0.0745763,0.040678,0.100987
f_row_missing_rate,567,0.0542373,0.040678,0.100987
f_row_missing_rate,568,0.0338983,0.040678,0.100987
f_row_missing_rate,569,0.059322,0.040678,0.100987
f_row_missing_rate,570,0.0813559,0.040678,0.100987
f_row_missing_rate,571,0.040678,0.040678,0.100987
f_row_missing_rate,572,0.0474576,0.040678,0.100987
f_row_missing_rate,573,0.0474576,0.040678,0.100987
f_row_missing_rate,574,0.0610169,0.040678,0.100987
f_row_missing_rate,575,0.0542373,0.040678,0.100987
f_row_missing_rate,576,0.040678,0.040678,0.100987
f_row_missing_rate,577,0.040678,0.040678,0.100987
f_row_missing_rate,578,0.0813559,0.040678,0.100987
f_row_missing_rate,579,0.0474576,0.040678,0.100987
f_row_missing_rate,580,0.0542373,0.040678,0.100987
f_row_missing_rate,581,0.0677966,0.040678,0.100987
f_row_missing_rate,582,0.0610169,0.040678,0.100987
f_row_missing_rate,583,0.040678,0.040678,0.100987
f_row_missing_rate,584,0.0610169,0.040678,0.100987
f_row_missing_rate,585,0.0745763,0.040678,0.100987
f_row_missing_rate,586,0.0610169,0.040678,0.100987
f_row_missing_rate,587,0.0338983,0.040678,0.100987
f_row_missing_rate,588,0.0338983,0.040678,0.100987
f_row_missing_rate,589,0.0864407,0.040678,0.100987
f_row_missing_rate,590,0.0677966,0.040678,0.100987
f_row_missing_rate,591,0.040678,0.040678,0.100987
f_row_missing_rate,592,0.0677966,0.040678,0.100987
f_row_missing_rate,593,0.0542373,0.040678,0.100987
f_row_missing_rate,594,0.0745763,0.040678,0.100987
f_row_missing_rate,595,0.0474576,0.040678,0.100987
f_row_missing_rate,596,0.0474576,0.040678,0.100987
f_row_missing_rate,597,0.0813559,0.040678,0.100987
f_row_missing_rate,598,0.040678,0.040678,0.100987
f_row_missing_rate,599,0.0610169,0.040678,0.100987
f_row_missing_rate,600,0.0677966,0.040678,0.100987
f_row_missing_rate,601,0.0813559,0.040678,0.100987
f_row_missing_rate,602,0.0542373,0.040678,0.100987
f_row_missing_rate,603,0.0542373,0.040678,0.100987
f_row_missing_rate,604,0.0610169,0.040678,0.100987
f_row_missing_rate,605,0.0610169,0.040678,0.100987
f_row_missing_rate,606,0.0474576,0.040678,0.100987
f_row_missing_rate,607,0.0677966,0.040678,0.100987
f_row_missing_rate,608,0.040678,0.040678,0.100987
f_row_missing_rate,609,0.0610169,0.040678,0.100987
f_row_missing_rate,610,0.0745763,0.040678,0.100987
f_row_missing_rate,611,0.0610169,0.040678,0.100987
f_row_missing_rate,612,0.0474576,0.040678,0.100987
f_row_missing_rate,613,0.0677966,0.040678,0.100987
f_row_missing_rate,614,0.0610169,0.040678,0.100987
f_row_missing_rate,615,0.0542373,0.040678,0.100987
f_row_missing_rate,616,0.0677966,0.040678,0.100987
f_row_missing_rate,617,0.0542373,0.040678,0.100987
f_row_missing_rate,618,0.040678,0.040678,0.100987
f_row_missing_rate,619,0.0677966,0.040678,0.100987
f_row_missing_rate,620,0.0610169,0.040678,0.100987
f_row_missing_rate,621,0.0542373,0.040678,0.100987
f_row_missing_rate,622,0.0542373,0.040678,0.100987
f_row_missing_rate,623,0.0661017,0.040678,0.100987
f_row_missing_rate,624,0.0474576,0.040678,0.100987
f_row_missing_rate,625,0.0474576,0.040678,0.100987
f_row_missing_rate,626,0.0610169,0.040678,0.100987
f_row_missing_rate,627,0.0610169,0.040678,0.100987
f_row_missing_rate,628,0.0474576,0.040678,0.100987
f_row_missing_rate,629,0.0542373,0.040678,0.100987
f_row_missing_rate,630,0.0542373,0.040678,0.100987
f_row_missing_rate,631,0.0474576,0.040678,0.100987
f_row_missing_rate,632,0.0474576,0.040678,0.100987
f_row_missing_rate,633,0.0542373,0.040678,0.100987
f_row_missing_rate,634,0.0677966,0.040678,0.100987
f_row_missing_rate,635,0.0677966,0.040678,0.100987
f_row_missing_rate,636,0.0677966,0.040678,0.100987
f_row_missing_rate,637,0.0677966,0.040678,0.100987
f_row_missing_rate,638,0.0542373,0.040678,0.100987
f_row_missing_rate,639,0.0474576,0.040678,0.100987
f_row_missing_rate,640,0.0677966,0.040678,0.100987
f_row_missing_rate,641,0.0542373,0.040678,0.100987
f_row_missing_rate,642,0.0677966,0.040678,0.100987
f_row_missing_rate,643,0.0474576,0.040678,0.100987
f_row_missing_rate,644,0.040678,0.040678,0.100987
f_row_missing_rate,645,0.0474576,0.040678,0.100987
f_row_missing_rate,646,0.0745763,0.040678,0.100987
f_row_missing_rate,647,0.0745763,0.040678,0.100987
f_row_missing_rate,648,0.0474576,0.040678,0.100987
f_row_missing_rate,649,0.0677966,0.040678,0.100987
f_row_missing_rate,650,0.0338983,0.040678,0.100987
f_row_missing_rate,651,0.0677966,0.040678,0.100987
f_row_missing_rate,652,0.040678,0.040678,0.100987
f_row_missing_rate,653,0.0474576,0.040678,0.100987
f_row_missing_rate,654,0.040678,0.040678,0.100987
f_row_missing_rate,655,0.0661017,0.040678,0.100987
f_row_missing_rate,656,0.0610169,0.040678,0.100987
f_row_missing_rate,657,0.0474576,0.040678,0.100987
f_row_missing_rate,658,0.0813559,0.040678,0.100987
f_row_missing_rate,659,0.0813559,0.040678,0.100987
f_row_missing_rate,660,0.0474576,0.040678,0.100987
f_row_missing_rate,661,0.0813559,0.040678,0.100987
f_row_missing_rate,662,0.0677966,0.040678,0.100987
f_row_missing_rate,663,0.0745763,0.040678,0.100987
f_row_missing_rate,664,0.040678,0.040678,0.100987
f_row_missing_rate,665,0.0728814,0.040678,0.100987
f_row_missing_rate,666,0.0610169,0.040678,0.100987
f_row_missing_rate,667,0.0542373,0.040678,0.100987
f_row_missing_rate,668,0.0474576,0.040678,0.100987
f_row_missing_rate,669,0.0474576,0.040678,0.100987
f_row_missing_rate,670,0.0745763,0.040678,0.100987
f_row_missing_rate,671,0.0542373,0.040678,0.100987
f_row_missing_rate,672,0.040678,0.040678,0.100987
f_row_missing_rate,673,0.0474576,0.040678,0.100987
f_row_missing_rate,674,0.0474576,0.040678,0.100987
f_row_missing_rate,675,0.0677966,0.040678,0.100987
f_row_missing_rate,676,0.0881356,0.040678,0.100987
f_row_missing_rate,677,0.0542373,0.040678,0.100987
f_row_missing_rate,678,0.0677966,0.040678,0.100987
f_row_missing_rate,679,0.0813559,0.040678,0.100987
f_row_missing_rate,680,0.0881356,0.040678,0.100987
f_row_missing_rate,681,0.0474576,0.040678,0.100987
f_row_missing_rate,682,0.0610169,0.040678,0.100987
f_row_missing_rate,683,0.0881356,0.040678,0.100987
f_row_missing_rate,684,0.0610169,0.040678,0.100987
f_row_missing_rate,685,0.0610169,0.040678,0.100987
f_row_missing_rate,686,0.0745763,0.040678,0.100987
f_row_missing_rate,687,0.0677966,0.040678,0.100987
f_row_missing_rate,688,0.0474576,0.040678,0.100987
f_row_missing_rate,689,0.0745763,0.040678,0.100987
f_row_missing_rate,690,0.040678,0.040678,0.100987
f_row_missing_rate,691,0.0474576,0.040678,0.100987
f_row_missing_rate,692,0.040678,0.040678,0.100987
f_row_missing_rate,693,0.0542373,0.040678,0.100987
f_row_missing_rate,694,0.0474576,0.040678,0.100987
f_row_missing_rate,695,0.040678,0.040678,0.100987
f_row_missing_rate,696,0.0745763,0.040678,0.100987
f_row_missing_rate,697,0.0813559,0.040678,0.100987
f_row_missing_rate,698,0.040678,0.040678,0.100987
f_row_missing_rate,699,0.040678,0.040678,0.100987
f_row_missing_rate,700,0.142373,0.040678,0.100987
f_row_missing_rate,701,0.0745763,0.040678,0.100987
f_row_missing_rate,702,0.0610169,0.040678,0.100987
f_row_missing_rate,703,0.0338983,0.040678,0.100987
f_row_missing_rate,704,0.040678,0.040678,0.100987
f_row_missing_rate,705,0.0542373,0.040678,0.100987
f_row_missing_rate,706,0.0677966,0.040678,0.100987
f_row_missing_rate,707,0.0661017,0.040678,0.100987
f_row_missing_rate,708,0.059322,0.040678,0.100987
f_row_missing_rate,709,0.0813559,0.040678,0.100987
f_row_missing_rate,710,0.0474576,0.040678,0.100987
f_row_missing_rate,711,0.0338983,0.040678,0.100987
f_row_missing_rate,712,0.0474576,0.040678,0.100987
f_row_missing_rate,713,0.040678,0.040678,0.100987
f_row_missing_rate,714,0.0474576,0.040678,0.100987
f_row_missing_rate,715,0.0474576,0.040678,0.100987
f_row_missing_rate,716,0.0338983,0.040678,0.100987
f_row_missing_rate,717,0.0542373,0.040678,0.100987
f_row_missing_rate,718,0.0610169,0.040678,0.100987
f_row_missing_rate,719,0.040678,0.040678,0.100987
f_row_missing_rate,720,0.0677966,0.040678,0.100987
f_row_missing_rate,721,0.0677966,0.040678,0.100987
f_row_missing_rate,722,0.0474576,0.040678,0.100987
f_row_missing_rate,723,0.0474576,0.040678,0.100987
f_row_missing_rate,724,0.040678,0.040678,0.100987
f_row_missing_rate,725,0.0474576,0.040678,0.100987
f_row_missing_rate,726,0.0474576,0.040678,0.100987
f_row_missing_rate,727,0.0474576,0.040678,0.100987
f_row_missing_rate,728,0.0610169,0.040678,0.100987
f_row_missing_rate,729,0.0474576,0.040678,0.100987
f_row_missing_rate,730,0.0610169,0.040678,0.100987
f_row_missing_rate,731,0.0474576,0.040678,0.100987
f_row_missing_rate,732,0.0813559,0.040678,0.100987
f_row_missing_rate,733,0.0677966,0.040678,0.100987
f_row_missing_rate,734,0.0474576,0.040678,0.100987
f_row_missing_rate,735,0.149153,0.040678,0.100987
f_row_missing_rate,736,0.040678,0.040678,0.100987
f_row_missing_rate,737,0.0677966,0.040678,0.100987
f_row_missing_rate,738,0.0474576,0.040678,0.100987
f_row_missing_rate,739,0.0474576,0.040678,0.100987
f_row_missing_rate,740,0.0474576,0.040678,0.100987
f_row_missing_rate,741,0.0542373,0.040678,0.100987
f_row_missing_rate,742,0.0474576,0.040678,0.100987
f_row_missing_rate,743,0.0610169,0.040678,0.100987
f_row_missing_rate,744,0.040678,0.040678,0.100987
f_row_missing_rate,745,0.040678,0.040678,0.100987
f_row_missing_rate,746,0.0474576,0.040678,0.100987
f_row_missing_rate,747,0.0474576,0.040678,0.100987
f_row_missing_rate,748,0.0474576,0.040678,0.100987
f_row_missing_rate,749,0.0474576,0.040678,0.100987
f_row_missing_rate,750,0.0677966,0.040678,0.100987
f_row_missing_rate,751,0.0677966,0.040678,0.100987
f_row_missing_rate,752,0.122034,0.040678,0.100987
f_row_missing_rate,753,0.040678,0.040678,0.100987
f_row_missing_rate,754,0.040678,0.040678,0.100987
f_row_missing_rate,755,0.040678,0.040678,0.100987
f_row_missing_rate,756,0.0474576,0.040678,0.100987
f_row_missing_rate,757,0.0474576,0.040678,0.100987
f_row_missing_rate,758,0.040678,0.040678,0.100987
f_row_missing_rate,759,0.0542373,0.040678,0.100987
f_row_missing_rate,760,0.0542373,0.040678,0.100987
f_row_missing_rate,761,0.0474576,0.040678,0.100987
f_row_missing_rate,762,0.0542373,0.040678,0.100987
f_row_missing_rate,763,0.0474576,0.040678,0.100987
f_row_missing_rate,764,0.0677966,0.040678,0.100987
f_row_missing_rate,765,0.040678,0.040678,0.100987
f_row_missing_rate,766,0.0677966,0.040678,0.100987
f_row_missing_rate,767,0.0474576,0.040678,0.100987
f_row_missing_rate,768,0.0677966,0.040678,0.100987
f_row_missing_rate,769,0.040678,0.040678,0.100987
f_row_missing_rate,770,0.0474576,0.040678,0.100987
f_row_missing_rate,771,0.0474576,0.040678,0.100987
f_row_missing_rate,772,0.040678,0.040678,0.100987
f_row_missing_rate,773,0.00677966,0.040678,0.100987
f_row_missing_rate,774,0.0542373,0.040678,0.100987
f_row_missing_rate,775,0.0474576,0.040678,0.100987
f_row_missing_rate,776,0.020339,0.040678,0.100987
f_row_missing_rate,777,0.0542373,0.040678,0.100987
f_row_missing_rate,778,0.0542373,0.040678,0.100987
f_row_missing_rate,779,0.0745763,0.040678,0.100987
f_row_missing_rate,780,0.0542373,0.040678,0.100987
f_row_missing_rate,781,0.040678,0.040678,0.100987
f_row_missing_rate,782,0.0542373,0.040678,0.100987
f_row_missing_rate,783,0.0271186,0.040678,0.100987
f_row_missing_rate,784,0.0542373,0.040678,0.100987
f_row_missing_rate,785,0.0677966,0.040678,0.100987
f_row_missing_rate,786,0.0677966,0.040678,0.100987
f_row_missing_rate,787,0.0474576,0.040678,0.100987
f_row_missing_rate,788,0.040678,0.040678,0.100987
f_row_missing_rate,789,0.0474576,0.040678,0.100987
f_row_missing_rate,790,0.0474576,0.040678,0.100987
f_row_missing_rate,791,0.0610169,0.040678,0.100987
f_row_missing_rate,792,0.0542373,0.040678,0.100987
f_row_missing_rate,793,0.0610169,0.040678,0.100987
f_row_missing_rate,794,0.0610169,0.040678,0.100987
f_row_missing_rate,795,0.0474576,0.040678,0.100987
f_row_missing_rate,796,0.040678,0.040678,0.100987
f_row_missing_rate,797,0.0542373,0.040678,0.100987
f_row_missing_rate,798,0.040678,0.040678,0.100987
f_row_missing_rate,799,0.020339,0.040678,0.100987
f_row_missing_rate,800,0.0542373,0.040678,0.100987
f_row_missing_rate,801,0.0813559,0.040678,0.100987
f_row_missing_rate,802,0.040678,0.040678,0.100987
f_row_missing_rate,803,0.0542373,0.040678,0.100987
f_row_missing_rate,804,0.0338983,0.040678,0.100987
f_row_missing_rate,805,0.020339,0.040678,0.100987
f_row_missing_rate,806,0.020339,0.040678,0.100987
f_row_missing_rate,807,0.108475,0.040678,0.100987
f_row_missing_rate,808,0.0338983,0.040678,0.100987
f_row_missing_rate,809,0.0610169,0.040678,0.100987
f_row_missing_rate,810,0.167797,0.040678,0.100987
f_row_missing_rate,811,0.0338983,0.040678,0.100987
f_row_missing_rate,812,0.040678,0.040678,0.100987
f_row_missing_rate,813,0.040678,0.040678,0.100987
f_row_missing_rate,814,0.162712,0.040678,0.100987
f_row_missing_rate,815,0.040678,0.040678,0.100987
f_row_missing_rate,816,0.040678,0.040678,0.100987
f_row_missing_rate,817,0.00677966,0.040678,0.100987
f_row_missing_rate,818,0.0338983,0.040678,0.100987
f_row_missing_rate,819,0.0474576,0.040678,0.100987
f_row_missing_rate,820,0.040678,0.040678,0.100987
f_row_missing_rate,821,0.040678,0.040678,0.100987
f_row_missing_rate,822,0.0135593,0.040678,0.100987
f_row_missing_rate,823,0.0135593,0.040678,0.100987
f_row_missing_rate,824,0.020339,0.040678,0.100987
f_row_missing_rate,825,0.0474576,0.040678,0.100987
f_row_missing_rate,826,0.0338983,0.040678,0.100987
f_row_missing_rate,827,0.0610169,0.040678,0.100987
f_row_missing_rate,828,0.040678,0.040678,0.100987
f_row_missing_rate,829,0.0338983,0.040678,0.100987
f_row_missing_rate,830,0.0677966,0.040678,0.100987
f_row_missing_rate,831,0.0813559,0.040678,0.100987
f_row_missing_rate,832,0.020339,0.040678,0.100987
f_row_missing_rate,833,0.0135593,0.040678,0.100987
f_row_missing_rate,834,0.0474576,0.040678,0.100987
f_row_missing_rate,835,0.0135593,0.040678,0.100987
f_row_missing_rate,836,0.0474576,0.040678,0.100987
f_row_missing_rate,837,0.0542373,0.040678,0.100987
f_row_missing_rate,838,0.040678,0.040678,0.100987
f_row_missing_rate,839,0.040678,0.040678,0.100987
f_row_missing_rate,840,0.0610169,0.040678,0.100987
f_row_missing_rate,841,0.0610169,0.040678,0.100987
f_row_missing_rate,842,0.020339,0.040678,0.100987
f_row_missing_rate,843,0.00677966,0.040678,0.100987
f_row_missing_rate,844,0.0338983,0.040678,0.100987
f_row_missing_rate,845,0.0271186,0.040678,0.100987
f_row_missing_rate,846,0.142373,0.040678,0.100987
f_row_missing_rate,847,0.0135593,0.040678,0.100987
f_row_missing_rate,848,0.0610169,0.040678,0.100987
f_row_missing_rate,849,0.0338983,0.040678,0.100987
f_row_missing_rate,850,0.020339,0.040678,0.100987
f_row_missing_rate,851,0.0474576,0.040678,0.100987
f_row_missing_rate,852,0.00677966,0.040678,0.100987
f_row_missing_rate,853,0.0135593,0.040678,0.100987
f_row_missing_rate,854,0.0677966,0.040678,0.100987
f_row_missing_rate,855,0.0338983,0.040678,0.100987
f_row_missing_rate,856,0.0610169,0.040678,0.100987
f_row_missing_rate,857,0.0474576,0.040678,0.100987
f_row_missing_rate,858,0.0271186,0.040678,0.100987
f_row_missing_rate,859,0.040678,0.040678,0.100987
f_row_missing_rate,860,0.040678,0.040678,0.100987
f_row_missing_rate,861,0.0745763,0.040678,0.100987
f_row_missing_rate,862,0.0474576,0.040678,0.100987
f_row_missing_rate,863,0.0542373,0.040678,0.100987
f_row_missing_rate,864,0.0135593,0.040678,0.100987
f_row_missing_rate,865,0.0677966,0.040678,0.100987
f_row_missing_rate,866,0.0745763,0.040678,0.100987
f_row_missing_rate,867,0.0474576,0.040678,0.100987
f_row_missing_rate,868,0.020339,0.040678,0.100987
f_row_missing_rate,869,0.040678,0.040678,0.100987
f_row_missing_rate,870,0.020339,0.040678,0.100987
f_row_missing_rate,871,0.0135593,0.040678,0.100987
f_row_missing_rate,872,0.040678,0.040678,0.100987
f_row_missing_rate,873,0.0610169,0.040678,0.100987
f_row_missing_rate,874,0.040678,0.040678,0.100987
f_row_missing_rate,875,0.040678,0.040678,0.100987
f_row_missing_rate,876,0.0474576,0.040678,0.100987
f_row_missing_rate,877,0.0610169,0.040678,0.100987
f_row_missing_rate,878,0.0474576,0.040678,0.100987
f_row_missing_rate,879,0.040678,0.040678,0.100987
f_row_missing_rate,880,0.020339,0.040678,0.100987
f_row_missing_rate,881,0.0338983,0.040678,0.100987
f_row_missing_rate,882,0.020339,0.040678,0.100987
f_row_missing_rate,883,0.0271186,0.040678,0.100987
f_row_missing_rate,884,0.0610169,0.040678,0.100987
f_row_missing_rate,885,0.0271186,0.040678,0.100987
f_row_missing_rate,886,0.0474576,0.040678,0.100987
f_row_missing_rate,887,0.0474576,0.040678,0.100987
f_row_missing_rate,888,0.0135593,0.040678,0.100987
f_row_missing_rate,889,0.0457627,0.040678,0.100987
f_row_missing_rate,890,0.040678,0.040678,0.100987
f_row_missing_rate,891,0.059322,0.040678,0.100987
f_row_missing_rate,892,0.020339,0.040678,0.100987
f_row_missing_rate,893,0.0135593,0.040678,0.100987
f_row_missing_rate,894,0.020339,0.040678,0.100987
f_row_missing_rate,895,0.0610169,0.040678,0.100987
f_row_missing_rate,896,0.020339,0.040678,0.100987
f_row_missing_rate,897,0.040678,0.040678,0.100987
f_row_missing_rate,898,0.040678,0.040678,0.100987
f_row_missing_rate,899,0.0338983,0.040678,0.100987
f_row_missing_rate,900,0.040678,0.040678,0.100987
f_row_missing_rate,901,0.0474576,0.040678,0.100987
f_row_missing_rate,902,0.020339,0.040678,0.100987
f_row_missing_rate,903,0.020339,0.040678,0.100987
f_row_missing_rate,904,0.020339,0.040678,0.100987
f_row_missing_rate,905,0.040678,0.040678,0.100987
f_row_missing_rate,906,0.040678,0.040678,0.100987
f_row_missing_rate,907,0.0135593,0.040678,0.100987
f_row_missing_rate,908,0.040678,0.040678,0.100987
f_row_missing_rate,909,0.0135593,0.040678,0.100987
f_row_missing_rate,910,0.040678,0.040678,0.100987
f_row_missing_rate,911,0.0474576,0.040678,0.100987
f_row_missing_rate,912,0.0474576,0.040678,0.100987
f_row_missing_rate,913,0.040678,0.040678,0.100987
f_row_missing_rate,914,0.020339,0.040678,0.100987
f_row_missing_rate,915,0.0271186,0.040678,0.100987
f_row_missing_rate,916,0.0338983,0.040678,0.100987
f_row_missing_rate,917,0.0338983,0.040678,0.100987
f_row_missing_rate,918,0.0338983,0.040678,0.100987
f_row_missing_rate,919,0.020339,0.040678,0.100987
f_row_missing_rate,920,0.0745763,0.040678,0.100987
f_row_missing_rate,921,0.0271186,0.040678,0.100987
f_row_missing_rate,922,0.020339,0.040678,0.100987
f_row_missing_rate,923,0.0610169,0.040678,0.100987
f_row_missing_rate,924,0.0271186,0.040678,0.100987
f_row_missing_rate,925,0.020339,0.040678,0.100987
f_row_missing_rate,926,0.040678,0.040678,0.100987
f_row_missing_rate,927,0.0474576,0.040678,0.100987
f_row_missing_rate,928,0.115254,0.040678,0.100987
f_row_missing_rate,929,0.020339,0.040678,0.100987
f_row_missing_rate,930,0.020339,0.040678,0.100987
f_row_missing_rate,931,0.040678,0.040678,0.100987
f_row_missing_rate,932,0.0135593,0.040678,0.100987
f_row_missing_rate,933,0.020339,0.040678,0.100987
f_row_missing_rate,934,0.0338983,0.040678,0.100987
f_row_missing_rate,935,0.0135593,0.040678,0.100987
f_row_missing_rate,936,0.0474576,0.040678,0.100987
f_row_missing_rate,937,0.0474576,0.040678,0.100987
f_row_missing_rate,938,0.0135593,0.040678,0.100987
f_row_missing_rate,939,0.0474576,0.040678,0.100987
f_row_missing_rate,940,0.0338983,0.040678,0.100987
f_row_missing_rate,941,0.040678,0.040678,0.100987
f_row_missing_rate,942,0.0474576,0.040678,0.100987
f_row_missing_rate,943,0.0474576,0.040678,0.100987
f_row_missing_rate,944,0.020339,0.040678,0.100987
f_row_missing_rate,945,0.0474576,0.040678,0.100987
f_row_missing_rate,946,0.020339,0.040678,0.100987
f_row_missing_rate,947,0.020339,0.040678,0.100987
f_row_missing_rate,948,0.0745763,0.040678,0.100987
f_row_missing_rate,949,0.040678,0.040678,0.100987
f_row_missing_rate,950,0.0610169,0.040678,0.100987
f_row_missing_rate,951,0.020339,0.040678,0.100987
f_row_missing_rate,952,0.00677966,0.040678,0.100987
f_row_missing_rate,953,0.0271186,0.040678,0.100987
f_row_missing_rate,954,0.040678,0.040678,0.100987
f_row_missing_rate,955,0.0135593,0.040678,0.100987
f_row_missing_rate,956,0.0271186,0.040678,0.100987
f_row_missing_rate,957,0.0135593,0.040678,0.100987
f_row_missing_rate,958,0.040678,0.040678,0.100987
f_row_missing_rate,959,0.0338983,0.040678,0.100987
f_row_missing_rate,960,0.040678,0.040678,0.100987
f_row_missing_rate,961,0.0542373,0.040678,0.100987
f_row_missing_rate,962,0.0135593,0.040678,0.100987
f_row_missing_rate,963,0.040678,0.040678,0.100987
f_row_missing_rate,964,0.0338983,0.040678,0.100987
f_row_missing_rate,965,0.020339,0.040678,0.100987
f_row_missing_rate,966,0.0474576,0.040678,0.100987
f_row_missing_rate,967,0.0271186,0.040678,0.100987
f_row_missing_rate,968,0.0525424,0.040678,0.100987
f_row_missing_rate,969,0.020339,0.040678,0.100987
f_row_missing_rate,970,0.0338983,0.040678,0.100987
f_row_missing_rate,971,0.0542373,0.040678,0.100987
f_row_missing_rate,972,0.040678,0.040678,0.100987
f_row_missing_rate,973,0.0135593,0.040678,0.100987
f_row_missing_rate,974,0.0338983,0.040678,0.100987
f_row_missing_rate,975,0.040678,0.040678,0.100987
f_row_missing_rate,976,0.0271186,0.040678,0.100987
f_row_missing_rate,977,0.0338983,0.040678,0.100987
f_row_missing_rate,978,0.0271186,0.040678,0.100987
f_row_missing_rate,979,0.0271186,0.040678,0.100987
f_row_missing_rate,980,0.0271186,0.040678,0.100987
f_row_missing_rate,981,0.059322,0.040678,0.100987
f_row_missing_rate,982,0.0271186,0.040678,0.100987
f_row_missing_rate,983,0.020339,0.040678,0.100987
f_row_missing_rate,984,0.020339,0.040678,0.100987
f_row_missing_rate,985,0.0338983,0.040678,0.100987
f_row_missing_rate,986,0.0271186,0.040678,0.100987
f_row_missing_rate,987,0.040678,0.040678,0.100987
f_row_missing_rate,988,0.020339,0.040678,0.100987
f_row_missing_rate,989,0.0271186,0.040678,0.100987
f_row_missing_rate,990,0.0474576,0.040678,0.100987
f_row_missing_rate,991,0.020339,0.040678,0.100987
f_row_missing_rate,992,0.0542373,0.040678,0.100987
f_row_missing_rate,993,0.0542373,0.040678,0.100987
f_row_missing_rate,994,0.0271186,0.040678,0.100987
f_row_missing_rate,995,0.155932,0.040678,0.100987
f_row_missing_rate,996,0.0542373,0.040678,0.100987
f_row_missing_rate,997,0.020339,0.040678,0.100987
f_row_missing_rate,998,0.020339,0.040678,0.100987
f_row_missing_rate,999,0.040678,0.040678,0.100987
f_row_missing_rate,1000,0.0271186,0.040678,0.100987
f_row_missing_rate,1001,0.0474576,0.040678,0.100987
f_row_missing_rate,1002,0.0474576,0.040678,0.100987
f_row_missing_rate,1003,0.0338983,0.040678,0.100987
f_row_missing_rate,1004,0.0474576,0.040678,0.100987
f_row_missing_rate,1005,0.020339,0.040678,0.100987
f_row_missing_rate,1006,0.0338983,0.040678,0.100987
f_row_missing_rate,1007,0.0677966,0.040678,0.100987
f_row_missing_rate,1008,0.040678,0.040678,0.100987
f_row_missing_rate,1009,0.0474576,0.040678,0.100987
f_row_missing_rate,1010,0.020339,0.040678,0.100987
f_row_missing_rate,1011,0.0610169,0.040678,0.100987
f_row_missing_rate,1012,0.0271186,0.040678,0.100987
f_row_missing_rate,1013,0.0338983,0.040678,0.100987
f_row_missing_rate,1014,0.0474576,0.040678,0.100987
f_row_missing_rate,1015,0.0610169,0.040678,0.100987
f_row_missing_rate,1016,0.0389831,0.040678,0.100987
f_row_missing_rate,1017,0.0474576,0.040678,0.100987
f_row_missing_rate,1018,0.0474576,0.040678,0.100987
f_row_missing_rate,1019,0.0135593,0.040678,0.100987
f_row_missing_rate,1020,0.020339,0.040678,0.100987
f_row_missing_rate,1021,0.020339,0.040678,0.100987
f_row_missing_rate,1022,0.0338983,0.040678,0.100987
f_row_missing_rate,1023,0.020339,0.040678,0.100987
f_row_missing_rate,1024,0.0338983,0.040678,0.100987
f_row_missing_rate,1025,0.040678,0.040678,0.100987
f_row_missing_rate,1026,0.0338983,0.040678,0.100987
f_row_missing_rate,1027,0.0271186,0.040678,0.100987
f_row_missing_rate,1028,0.020339,0.040678,0.100987
f_row_missing_rate,1029,0.0474576,0.040678,0.100987
f_row_missing_rate,1030,0.0338983,0.040678,0.100987
f_row_missing_rate,1031,0.0338983,0.040678,0.100987
f_row_missing_rate,1032,0.0271186,0.040678,0.100987
f_row_missing_rate,1033,0.0271186,0.040678,0.100987
f_row_missing_rate,1034,0.0474576,0.040678,0.100987
f_row_missing_rate,1035,0.0271186,0.040678,0.100987
f_row_missing_rate,1036,0.0474576,0.040678,0.100987
f_row_missing_rate,1037,0.0474576,0.040678,0.100987
f_row_missing_rate,1038,0.0525424,0.040678,0.100987
f_row_missing_rate,1039,0.0474576,0.040678,0.100987
f_row_missing_rate,1040,0.0542373,0.040678,0.100987
f_row_missing_rate,1041,0.0338983,0.040678,0.100987
f_row_missing_rate,1042,0.0474576,0.040678,0.100987
f_row_missing_rate,1043,0.0474576,0.040678,0.100987
f_row_missing_rate,1044,0.0135593,0.040678,0.100987
f_row_missing_rate,1045,0.020339,0.040678,0.100987
f_row_missing_rate,1046,0.0338983,0.040678,0.100987
f_row_missing_rate,1047,0.020339,0.040678,0.100987
f_row_missing_rate,1048,0.0338983,0.040678,0.100987
f_row_missing_rate,1049,0.0525424,0.040678,0.100987
f_row_missing_rate,1050,0.0271186,0.040678,0.100987
f_row_missing_rate,1051,0.0271186,0.040678,0.100987
f_row_missing_rate,1052,0.0338983,0.040678,0.100987
f_row_missing_rate,1053,0.0338983,0.040678,0.100987
f_row_missing_rate,1054,0.155932,0.040678,0.100987
f_row_missing_rate,1055,0.0338983,0.040678,0.100987
f_row_missing_rate,1056,0.020339,0.040678,0.100987
f_row_missing_rate,1057,0.0338983,0.040678,0.100987
f_row_missing_rate,1058,0.040678,0.040678,0.100987
f_row_missing_rate,1059,0.020339,0.040678,0.100987
f_row_missing_rate,1060,0.0271186,0.040678,0.100987
f_row_missing_rate,1061,0.020339,0.040678,0.100987
f_row_missing_rate,1062,0.0338983,0.040678,0.100987
f_row_missing_rate,1063,0.0338983,0.040678,0.100987
f_row_missing_rate,1064,0.0474576,0.040678,0.100987
f_row_missing_rate,1065,0.0135593,0.040678,0.100987
f_row_missing_rate,1066,0.0338983,0.040678,0.100987
f_row_missing_rate,1067,0.0474576,0.040678,0.100987
f_row_missing_rate,1068,0.0542373,0.040678,0.100987
f_row_missing_rate,1069,0.0271186,0.040678,0.100987
f_row_missing_rate,1070,0.0338983,0.040678,0.100987
f_row_missing_rate,1071,0.020339,0.040678,0.100987
f_row_missing_rate,1072,0.0338983,0.040678,0.100987
f_row_missing_rate,1073,0.0271186,0.040678,0.100987
f_row_missing_rate,1074,0.0271186,0.040678,0.100987
f_row_missing_rate,1075,0.0677966,0.040678,0.100987
f_row_missing_rate,1076,0.0474576,0.040678,0.100987
f_row_missing_rate,1077,0.0338983,0.040678,0.100987
f_row_missing_rate,1078,0.0135593,0.040678,0.100987
f_row_missing_rate,1079,0.0457627,0.040678,0.100987
f_row_missing_rate,1080,0.020339,0.040678,0.100987
f_row_missing_rate,1081,0.040678,0.040678,0.100987
f_row_missing_rate,1082,0.0271186,0.040678,0.100987
f_row_missing_rate,1083,0.0271186,0.040678,0.100987
f_row_missing_rate,1084,0.059322,0.040678,0.100987
f_row_missing_rate,1085,0.0338983,0.040678,0.100987
f_row_missing_rate,1086,0.0271186,0.040678,0.100987
f_row_missing_rate,1087,0.020339,0.040678,0.100987
f_row_missing_rate,1088,0.0271186,0.040678,0.100987
f_row_missing_rate,1089,0.0474576,0.040678,0.100987
f_row_missing_rate,1090,0.0271186,0.040678,0.100987
f_row_missing_rate,1091,0.020339,0.040678,0.100987
f_row_missing_rate,1092,0.0271186,0.040678,0.100987
f_row_missing_rate,1093,0.020339,0.040678,0.100987
f_row_missing_rate,1094,0.0271186,0.040678,0.100987
f_row_missing_rate,1095,0.0271186,0.040678,0.100987
f_row_missing_rate,1096,0.020339,0.040678,0.100987
f_row_missing_rate,1097,0.0271186,0.040678,0.100987
f_row_missing_rate,1098,0.0474576,0.040678,0.100987
f_row_missing_rate,1099,0.0338983,0.040678,0.100987
f_row_missing_rate,1100,0.020339,0.040678,0.100987
f_row_missing_rate,1101,0.0271186,0.040678,0.100987
f_row_missing_rate,1102,0.040678,0.040678,0.100987
f_row_missing_rate,1103,0.040678,0.040678,0.100987
f_row_missing_rate,1104,0.0338983,0.040678,0.100987
f_row_missing_rate,1105,0.0338983,0.040678,0.100987
f_row_missing_rate,1106,0.0271186,0.040678,0.100987
f_row_missing_rate,1107,0.0338983,0.040678,0.100987
f_row_missing_rate,1108,0.0271186,0.040678,0.100987
f_row_missing_rate,1109,0.020339,0.040678,0.100987
f_row_missing_rate,1110,0.020339,0.040678,0.100987
f_row_missing_rate,1111,0.020339,0.040678,0.100987
f_row_missing_rate,1112,0.020339,0.040678,0.100987
f_row_missing_rate,1113,0.020339,0.040678,0.100987
f_row_missing_rate,1114,0.020339,0.040678,0.100987
f_row_missing_rate,1115,0.0271186,0.040678,0.100987
f_row_missing_rate,1116,0.020339,0.040678,0.100987
f_row_missing_rate,1117,0.0542373,0.040678,0.100987
f_row_missing_rate,1118,0.0474576,0.040678,0.100987
f_row_missing_rate,1119,0.020339,0.040678,0.100987
f_row_missing_rate,1120,0.040678,0.040678,0.100987
f_row_missing_rate,1121,0.020339,0.040678,0.100987
f_row_missing_rate,1122,0.0271186,0.040678,0.100987
f_row_missing_rate,1123,0.0542373,0.040678,0.100987
f_row_missing_rate,1124,0.0271186,0.040678,0.100987
f_row_missing_rate,1125,0.0271186,0.040678,0.100987
f_row_missing_rate,1126,0.0474576,0.040678,0.100987
f_row_missing_rate,1127,0.0457627,0.040678,0.100987
f_row_missing_rate,1128,0.0474576,0.040678,0.100987
f_row_missing_rate,1129,0.0271186,0.040678,0.100987
f_row_missing_rate,1130,0.0338983,0.040678,0.100987
f_row_missing_rate,1131,0.0338983,0.040678,0.100987
f_row_missing_rate,1132,0.020339,0.040678,0.100987
f_row_missing_rate,1133,0.020339,0.040678,0.100987
f_row_missing_rate,1134,0.020339,0.040678,0.100987
f_row_missing_rate,1135,0.0474576,0.040678,0.100987
f_row_missing_rate,1136,0.0135593,0.040678,0.100987
f_row_missing_rate,1137,0.0271186,0.040678,0.100987
f_row_missing_rate,1138,0.0542373,0.040678,0.100987
f_row_missing_rate,1139,0.0610169,0.040678,0.100987
f_row_missing_rate,1140,0.0881356,0.040678,0.100987
f_row_missing_rate,1141,0.0338983,0.040678,0.100987
f_row_missing_rate,1142,0.0271186,0.040678,0.100987
f_row_missing_rate,1143,0.020339,0.040678,0.100987
f_row_missing_rate,1144,0.0271186,0.040678,0.100987
f_row_missing_rate,1145,0.0474576,0.040678,0.100987
f_row_missing_rate,1146,0.020339,0.040678,0.100987
f_row_missing_rate,1147,0.0474576,0.040678,0.100987
f_row_missing_rate,1148,0.0271186,0.040678,0.100987
f_row_missing_rate,1149,0.0271186,0.040678,0.100987
f_row_missing_rate,1150,0.0271186,0.040678,0.100987
f_row_missing_rate,1151,0.0338983,0.040678,0.100987
f_row_missing_rate,1152,0.169492,0.040678,0.100987
f_row_missing_rate,1153,0.0474576,0.040678,0.100987
f_row_missing_rate,1154,0.0338983,0.040678,0.100987
f_row_missing_rate,1155,0.0271186,0.040678,0.100987
f_row_missing_rate,1156,0.0271186,0.040678,0.100987
f_row_missing_rate,1157,0.0271186,0.040678,0.100987
f_row_missing_rate,1158,0.040678,0.040678,0.100987
f_row_missing_rate,1159,0.040678,0.040678,0.100987
f_row_missing_rate,1160,0.0338983,0.040678,0.100987
f_row_missing_rate,1161,0.0474576,0.040678,0.100987
f_row_missing_rate,1162,0.0271186,0.040678,0.100987
f_row_missing_rate,1163,0.0271186,0.040678,0.100987
f_row_missing_rate,1164,0.0135593,0.040678,0.100987
f_row_missing_rate,1165,0.0271186,0.040678,0.100987
f_row_missing_rate,1166,0.0474576,0.040678,0.100987
f_row_missing_rate,1167,0.040678,0.040678,0.100987
f_row_missing_rate,1168,0.020339,0.040678,0.100987
f_row_missing_rate,1169,0.040678,0.040678,0.100987
f_row_missing_rate,1170,0.0135593,0.040678,0.100987
f_row_missing_rate,1171,0.020339,0.040678,0.100987
f_row_missing_rate,1172,0.020339,0.040678,0.100987
f_row_missing_rate,1173,0.0474576,0.040678,0.100987
f_row_missing_rate,1174,0.0271186,0.040678,0.100987
f_row_missing_rate,1175,0.020339,0.040678,0.100987
f_row_missing_rate,1176,0.0271186,0.040678,0.100987
f_row_missing_rate,1177,0.0135593,0.040678,0.100987
f_row_missing_rate,1178,0.020339,0.040678,0.100987
f_row_missing_rate,1179,0.0271186,0.040678,0.100987
f_row_missing_rate,1180,0.0135593,0.040678,0.100987
f_row_missing_rate,1181,0.0338983,0.040678,0.100987
f_row_missing_rate,1182,0.0135593,0.040678,0.100987
f_row_missing_rate,1183,0.0135593,0.040678,0.100987
f_row_missing_rate,1184,0.020339,0.040678,0.100987
f_row_missing_rate,1185,0.0271186,0.040678,0.100987
f_row_missing_rate,1186,0.040678,0.040678,0.100987
f_row_missing_rate,1187,0.0338983,0.040678,0.100987
f_row_missing_rate,1188,0.0474576,0.040678,0.100987
f_row_missing_rate,1189,0.020339,0.040678,0.100987
f_row_missing_rate,1190,0.0474576,0.040678,0.100987
f_row_missing_rate,1191,0.020339,0.040678,0.100987
f_row_missing_rate,1192,0.0135593,0.040678,0.100987
f_row_missing_rate,1193,0.0525424,0.040678,0.100987
f_row_missing_rate,1194,0.0271186,0.040678,0.100987
f_row_missing_rate,1195,0.020339,0.040678,0.100987
f_row_missing_rate,1196,0.020339,0.040678,0.100987
f_row_missing_rate,1197,0.0322034,0.040678,0.100987
f_row_missing_rate,1198,0.0271186,0.040678,0.100987
f_row_missing_rate,1199,0.0135593,0.040678,0.100987
f_row_missing_rate,1200,0.040678,0.040678,0.100987
f_row_missing_rate,1201,0.0338983,0.040678,0.100987
f_row_missing_rate,1202,0.0135593,0.040678,0.100987
f_row_missing_rate,1203,0.0135593,0.040678,0.100987
f_row_missing_rate,1204,0.0271186,0.040678,0.100987
f_row_missing_rate,1205,0.0135593,0.040678,0.100987
f_row_missing_rate,1206,0.128814,0.040678,0.100987
f_row_missing_rate,1207,0.020339,0.040678,0.100987
f_row_missing_rate,1208,0.00677966,0.040678,0.100987
f_row_missing_rate,1209,0.040678,0.040678,0.100987
f_row_missing_rate,1210,0.0271186,0.040678,0.100987
f_row_missing_rate,1211,0.0474576,0.040678,0.100987
f_row_missing_rate,1212,0.020339,0.040678,0.100987
f_row_missing_rate,1213,0.020339,0.040678,0.100987
f_row_missing_rate,1214,0.0474576,0.040678,0.100987
f_row_missing_rate,1215,0.0542373,0.040678,0.100987
f_row_missing_rate,1216,0.0474576,0.040678,0.100987
f_row_missing_rate,1217,0.0271186,0.040678,0.100987
f_row_missing_rate,1218,0.0542373,0.040678,0.100987
f_row_missing_rate,1219,0.0135593,0.040678,0.100987
f_row_missing_rate,1220,0.0338983,0.040678,0.100987
f_row_missing_rate,1221,0.0338983,0.040678,0.100987
f_row_missing_rate,1222,0.0271186,0.040678,0.100987
f_row_missing_rate,1223,0.0271186,0.040678,0.100987
f_row_missing_rate,1224,0.0271186,0.040678,0.100987
f_row_missing_rate,1225,0.020339,0.040678,0.100987
f_row_missing_rate,1226,0.020339,0.040678,0.100987
f_row_missing_rate,1227,0.0338983,0.040678,0.100987
f_row_missing_rate,1228,0.0271186,0.040678,0.100987
f_row_missing_rate,1229,0.0271186,0.040678,0.100987
f_row_missing_rate,1230,0.0474576,0.040678,0.100987
f_row_missing_rate,1231,0.0338983,0.040678,0.100987
f_row_missing_rate,1232,0.040678,0.040678,0.100987
f_row_missing_rate,1233,0.059322,0.040678,0.100987
f_row_missing_rate,1234,0.115254,0.040678,0.100987
f_row_missing_rate,1235,0.0338983,0.040678,0.100987
f_row_missing_rate,1236,0.020339,0.040678,0.100987
f_row_missing_rate,1237,0.0542373,0.040678,0.100987
f_row_missing_rate,1238,0.0135593,0.040678,0.100987
f_row_missing_rate,1239,0.0271186,0.040678,0.100987
f_row_missing_rate,1240,0.040678,0.040678,0.100987
f_row_missing_rate,1241,0.0271186,0.040678,0.100987
f_row_missing_rate,1242,0.0338983,0.040678,0.100987
f_row_missing_rate,1243,0.0271186,0.040678,0.100987
f_row_missing_rate,1244,0.020339,0.040678,0.100987
f_row_missing_rate,1245,0.0135593,0.040678,0.100987
f_row_missing_rate,1246,0.00677966,0.040678,0.100987
f_row_missing_rate,1247,0.020339,0.040678,0.100987
f_row_missing_rate,1248,0.0271186,0.040678,0.100987
f_row_missing_rate,1249,0.0271186,0.040678,0.100987
f_row_missing_rate,1250,0.0338983,0.040678,0.100987
f_row_missing_rate,1251,0.020339,0.040678,0.100987
f_row_missing_rate,1252,0.020339,0.040678,0.100987
f_row_missing_rate,1253,0.020339,0.040678,0.100987
f_row_missing_rate,1254,0.020339,0.040678,0.100987
f_row_missing_rate,1255,0.020339,0.040678,0.100987
f_row_missing_rate,1256,0.00677966,0.040678,0.100987
f_row_missing_rate,1257,0.0271186,0.040678,0.100987
f_row_missing_rate,1258,0.0271186,0.040678,0.100987
f_row_missing_rate,1259,0.020339,0.040678,0.100987
f_row_missing_rate,1260,0.0271186,0.040678,0.100987
f_row_missing_rate,1261,0.020339,0.040678,0.100987
f_row_missing_rate,1262,0.0474576,0.040678,0.100987
f_row_missing_rate,1263,0.020339,0.040678,0.100987
f_row_missing_rate,1264,0.020339,0.040678,0.100987
f_row_missing_rate,1265,0.0271186,0.040678,0.100987
f_row_missing_rate,1266,0.0338983,0.040678,0.100987
f_row_missing_rate,1267,0.0135593,0.040678,0.100987
f_row_missing_rate,1268,0.020339,0.040678,0.100987
f_row_missing_rate,1269,0.0271186,0.040678,0.100987
f_row_missing_rate,1270,0.0271186,0.040678,0.100987
f_row_missing_rate,1271,0.0338983,0.040678,0.100987
f_row_missing_rate,1272,0.0338983,0.040678,0.100987
f_row_missing_rate,1273,0.0474576,0.040678,0.100987
f_row_missing_rate,1274,0.0542373,0.040678,0.100987
f_row_missing_rate,1275,0.0474576,0.040678,0.100987
f_row_missing_rate,1276,0.0474576,0.040678,0.100987
f_row_missing_rate,1277,0.040678,0.040678,0.100987
f_row_missing_rate,1278,0.0474576,0.040678,0.100987
f_row_missing_rate,1279,0.0338983,0.040678,0.100987
f_row_missing_rate,1280,0.0338983,0.040678,0.100987
f_row_missing_rate,1281,0.0271186,0.040678,0.100987
f_row_missing_rate,1282,0.0271186,0.040678,0.100987
f_row_missing_rate,1283,0.0338983,0.040678,0.100987
f_row_missing_rate,1284,0.0338983,0.040678,0.100987
f_row_missing_rate,1285,0.0338983,0.040678,0.100987
f_row_missing_rate,1286,0.0271186,0.040678,0.100987
f_row_missing_rate,1287,0.0474576,0.040678,0.100987
f_row_missing_rate,1288,0.0271186,0.040678,0.100987
f_row_missing_rate,1289,0.0271186,0.040678,0.100987
f_row_missing_rate,1290,0.0474576,0.040678,0.100987
f_row_missing_rate,1291,0.0474576,0.040678,0.100987
f_row_missing_rate,1292,0.0271186,0.040678,0.100987
f_row_missing_rate,1293,0.0271186,0.040678,0.100987
f_row_missing_rate,1294,0.0271186,0.040678,0.100987
f_row_missing_rate,1295,0.020339,0.040678,0.100987
f_row_missing_rate,1296,0.0271186,0.040678,0.100987
f_row_missing_rate,1297,0.0271186,0.040678,0.100987
f_row_missing_rate,1298,0.0474576,0.040678,0.100987
f_row_missing_rate,1299,0.0271186,0.040678,0.100987
f_row_missing_rate,1300,0.020339,0.040678,0.100987
f_row_missing_rate,1301,0.0271186,0.040678,0.100987
f_row_missing_rate,1302,0.0271186,0.040678,0.100987
f_row_missing_rate,1303,0.0271186,0.040678,0.100987
f_row_missing_rate,1304,0.0271186,0.040678,0.100987
f_row_missing_rate,1305,0.0338983,0.040678,0.100987
f_row_missing_rate,1306,0.020339,0.040678,0.100987
f_row_missing_rate,1307,0.0135593,0.040678,0.100987
f_row_missing_rate,1308,0.0338983,0.040678,0.100987
f_row_missing_rate,1309,0.020339,0.040678,0.100987
f_row_missing_rate,1310,0.0474576,0.040678,0.100987
f_row_missing_rate,1311,0.0271186,0.040678,0.100987
f_row_missing_rate,1312,0.0474576,0.040678,0.100987
f_row_missing_rate,1313,0.0542373,0.040678,0.100987
f_row_missing_rate,1314,0.020339,0.040678,0.100987
f_row_missing_rate,1315,0.0542373,0.040678,0.100987
f_row_missing_rate,1316,0.0474576,0.040678,0.100987
f_row_missing_rate,1317,0.0135593,0.040678,0.100987
f_row_missing_rate,1318,0.0474576,0.040678,0.100987
f_row_missing_rate,1319,0.020339,0.040678,0.100987
f_row_missing_rate,1320,0.0338983,0.040678,0.100987
f_row_missing_rate,1321,0.0135593,0.040678,0.100987
f_row_missing_rate,1322,0.020339,0.040678,0.100987
f_row_missing_rate,1323,0.0474576,0.040678,0.100987
f_row_missing_rate,1324,0.0271186,0.040678,0.100987
f_row_missing_rate,1325,0.0338983,0.040678,0.100987
f_row_missing_rate,1326,0.0135593,0.040678,0.100987
f_row_missing_rate,1327,0.0271186,0.040678,0.100987
f_row_missing_rate,1328,0.0338983,0.040678,0.100987
f_row_missing_rate,1329,0.0271186,0.040678,0.100987
f_row_missing_rate,1330,0.0474576,0.040678,0.100987
f_row_missing_rate,1331,0.0474576,0.040678,0.100987
f_row_missing_rate,1332,0.0271186,0.040678,0.100987
f_row_missing_rate,1333,0.040678,0.040678,0.100987
f_row_missing_rate,1334,0.0338983,0.040678,0.100987
f_row_missing_rate,1335,0.0542373,0.040678,0.100987
f_row_missing_rate,1336,0.020339,0.040678,0.100987
f_row_missing_rate,1337,0.0474576,0.040678,0.100987
f_row_missing_rate,1338,0.020339,0.040678,0.100987
f_row_missing_rate,1339,0.020339,0.040678,0.100987
f_row_missing_rate,1340,0.0271186,0.040678,0.100987
f_row_missing_rate,1341,0.0338983,0.040678,0.100987
f_row_missing_rate,1342,0.0338983,0.040678,0.100987
f_row_missing_rate,1343,0.0338983,0.040678,0.100987
f_row_missing_rate,1344,0.040678,0.040678,0.100987
f_row_missing_rate,1345,0.0271186,0.040678,0.100987
f_row_missing_rate,1346,0.0338983,0.040678,0.100987
f_row_missing_rate,1347,0.040678,0.040678,0.100987
f_row_missing_rate,1348,0.0542373,0.040678,0.100987
f_row_missing_rate,1349,0.0271186,0.040678,0.100987
f_row_missing_rate,1350,0.020339,0.040678,0.100987
f_row_missing_rate,1351,0.0338983,0.040678,0.100987
f_row_missing_rate,1352,0.0338983,0.040678,0.100987
f_row_missing_rate,1353,0.0271186,0.040678,0.100987
f_row_missing_rate,1354,0.0271186,0.040678,0.100987
f_row_missing_rate,1355,0.0610169,0.040678,0.100987
f_row_missing_rate,1356,0.040678,0.040678,0.100987
f_row_missing_rate,1357,0.0474576,0.040678,0.100987
f_row_missing_rate,1358,0.040678,0.040678,0.100987
f_row_missing_rate,1359,0.0271186,0.040678,0.100987
f_row_missing_rate,1360,0.0338983,0.040678,0.100987
f_row_missing_rate,1361,0.0338983,0.040678,0.100987
f_row_missing_rate,1362,0.0542373,0.040678,0.100987
f_row_missing_rate,1363,0.0271186,0.040678,0.100987
f_row_missing_rate,1364,0.0338983,0.040678,0.100987
f_row_missing_rate,1365,0.020339,0.040678,0.100987
f_row_missing_rate,1366,0.0271186,0.040678,0.100987
f_row_missing_rate,1367,0.0271186,0.040678,0.100987
f_row_missing_rate,1368,0.0271186,0.040678,0.100987
f_row_missing_rate,1369,0.0338983,0.040678,0.100987
f_row_missing_rate,1370,0.0610169,0.040678,0.100987
f_row_missing_rate,1371,0.0338983,0.040678,0.100987
f_row_missing_rate,1372,0.040678,0.040678,0.100987
f_row_missing_rate,1373,0.0338983,0.040678,0.100987
f_row_missing_rate,1374,0.0474576,0.040678,0.100987
f_row_missing_rate,1375,0.0338983,0.040678,0.100987
f_row_missing_rate,1376,0.0271186,0.040678,0.100987
f_row_missing_rate,1377,0.020339,0.040678,0.100987
f_row_missing_rate,1378,0.0338983,0.040678,0.100987
f_row_missing_rate,1379,0.0474576,0.040678,0.100987
f_row_missing_rate,1380,0.040678,0.040678,0.100987
f_row_missing_rate,1381,0.0135593,0.040678,0.100987
f_row_missing_rate,1382,0.0338983,0.040678,0.100987
f_row_missing_rate,1383,0.0271186,0.040678,0.100987
f_row_missing_rate,1384,0.0271186,0.040678,0.100987
f_row_missing_rate,1385,0.0271186,0.040678,0.100987
f_row_missing_rate,1386,0.0271186,0.040678,0.100987
f_row_missing_rate,1387,0.0271186,0.040678,0.100987
f_row_missing_rate,1388,0.0338983,0.040678,0.100987
f_row_missing_rate,1389,0.0338983,0.040678,0.100987
f_row_missing_rate,1390,0.040678,0.040678,0.100987
f_row_missing_rate,1391,0.0338983,0.040678,0.100987
f_row_missing_rate,1392,0.0338983,0.040678,0.100987
f_row_missing_rate,1393,0.020339,0.040678,0.100987
f_row_missing_rate,1394,0.0338983,0.040678,0.100987
f_row_missing_rate,1395,0.0271186,0.040678,0.100987
f_row_missing_rate,1396,0.0271186,0.040678,0.100987
f_row_missing_rate,1397,0.0338983,0.040678,0.100987
f_row_missing_rate,1398,0.020339,0.040678,0.100987
f_row_missing_rate,1399,0.020339,0.040678,0.100987
f_row_missing_rate,1400,0.020339,0.040678,0.100987
f_row_missing_rate,1401,0.0338983,0.040678,0.100987
f_row_missing_rate,1402,0.0271186,0.040678,0.100987
f_row_missing_rate,1403,0.0271186,0.040678,0.100987
f_row_missing_rate,1404,0.020339,0.040678,0.100987
f_row_missing_rate,1405,0.040678,0.040678,0.100987
f_row_missing_rate,1406,0.0271186,0.040678,0.100987
f_row_missing_rate,1407,0.0271186,0.040678,0.100987
f_row_missing_rate,1408,0.0135593,0.040678,0.100987
f_row_missing_rate,1409,0.0271186,0.040678,0.100987
f_row_missing_rate,1410,0.0271186,0.040678,0.100987
f_row_missing_rate,1411,0.0271186,0.040678,0.100987
f_row_missing_rate,1412,0.0271186,0.040678,0.100987
f_row_missing_rate,1413,0.020339,0.040678,0.100987
f_row_missing_rate,1414,0.0271186,0.040678,0.100987
f_row_missing_rate,1415,0.0338983,0.040678,0.100987
f_row_missing_rate,1416,0.020339,0.040678,0.100987
f_row_missing_rate,1417,0.0338983,0.040678,0.100987
f_row_missing_rate,1418,0.0135593,0.040678,0.100987
f_row_missing_rate,1419,0.040678,0.040678,0.100987
f_row_missing_rate,1420,0.0338983,0.040678,0.100987
f_row_missing_rate,1421,0.020339,0.040678,0.100987
f_row_missing_rate,1422,0.020339,0.040678,0.100987
f_row_missing_rate,1423,0.0271186,0.040678,0.100987
f_row_missing_rate,1424,0.0542373,0.040678,0.100987
f_row_missing_rate,1425,0.0271186,0.040678,0.100987
f_row_missing_rate,1426,0.0474576,0.040678,0.100987
f_row_missing_rate,1427,0.0338983,0.040678,0.100987
f_row_missing_rate,1428,0.0271186,0.040678,0.100987
f_row_missing_rate,1429,0.0271186,0.040678,0.100987
f_row_missing_rate,1430,0.0542373,0.040678,0.100987
f_row_missing_rate,1431,0.0271186,0.040678,0.100987
f_row_missing_rate,1432,0.0338983,0.040678,0.100987
f_row_missing_rate,1433,0.0271186,0.040678,0.100987
f_row_missing_rate,1434,0.0271186,0.040678,0.100987
f_row_missing_rate,1435,0.0271186,0.040678,0.100987
f_row_missing_rate,1436,0.020339,0.040678,0.100987
f_row_missing_rate,1437,0.0271186,0.040678,0.100987
f_row_missing_rate,1438,0.0271186,0.040678,0.100987
f_row_missing_rate,1439,0.040678,0.040678,0.100987
f_row_missing_rate,1440,0.0271186,0.040678,0.100987
f_row_missing_rate,1441,0.0542373,0.040678,0.100987
f_row_missing_rate,1442,0.0271186,0.040678,0.100987
f_row_missing_rate,1443,0.040678,0.040678,0.100987
f_row_missing_rate,1444,0.020339,0.040678,0.100987
f_row_missing_rate,1445,0.0338983,0.040678,0.100987
f_row_missing_rate,1446,0.0474576,0.040678,0.100987
f_row_missing_rate,1447,0.0338983,0.040678,0.100987
f_row_missing_rate,1448,0.0610169,0.040678,0.100987
f_row_missing_rate,1449,0.0338983,0.040678,0.100987
f_row_missing_rate,1450,0.0677966,0.040678,0.100987
f_row_missing_rate,1451,0.0271186,0.040678,0.100987
f_row_missing_rate,1452,0.020339,0.040678,0.100987
f_row_missing_rate,1453,0.020339,0.040678,0.100987
f_row_missing_rate,1454,0.020339,0.040678,0.100987
f_row_missing_rate,1455,0.00677966,0.040678,0.100987
f_row_missing_rate,1456,0.0135593,0.040678,0.100987
f_row_missing_rate,1457,0.0271186,0.040678,0.100987
f_row_missing_rate,1458,0.0474576,0.040678,0.100987
f_row_missing_rate,1459,0.0745763,0.040678,0.100987
f_row_missing_rate,1460,0.0542373,0.040678,0.100987
f_row_missing_rate,1461,0.0610169,0.040678,0.100987
f_row_missing_rate,1462,0.0271186,0.040678,0.100987
f_row_missing_rate,1463,0.040678,0.040678,0.100987
f_row_missing_rate,1464,0.0271186,0.040678,0.100987
f_row_missing_rate,1465,0.0271186,0.040678,0.100987
f_row_missing_rate,1466,0.020339,0.040678,0.100987
f_row_missing_rate,1467,0.0610169,0.040678,0.100987
f_row_missing_rate,1468,0.020339,0.040678,0.100987
f_row_missing_rate,1469,0.0677966,0.040678,0.100987
f_row_missing_rate,1470,0.0338983,0.040678,0.100987
f_row_missing_rate,1471,0.020339,0.040678,0.100987
f_row_missing_rate,1472,0.020339,0.040678,0.100987
f_row_missing_rate,1473,0.040678,0.040678,0.100987
f_row_missing_rate,1474,0.0338983,0.040678,0.100987
f_row_missing_rate,1475,0.0338983,0.040678,0.100987
f_row_missing_rate,1476,0.0271186,0.040678,0.100987
f_row_missing_rate,1477,0.0271186,0.040678,0.100987
f_row_missing_rate,1478,0.040678,0.040678,0.100987
f_row_missing_rate,1479,0.040678,0.040678,0.100987
f_row_missing_rate,1480,0.0271186,0.040678,0.100987
f_row_missing_rate,1481,0.0135593,0.040678,0.100987
f_row_missing_rate,1482,0.0271186,0.040678,0.100987
f_row_missing_rate,1483,0.040678,0.040678,0.100987
f_row_missing_rate,1484,0.040678,0.040678,0.100987
f_row_missing_rate,1485,0.040678,0.040678,0.100987
f_row_missing_rate,1486,0.0338983,0.040678,0.100987
f_row_missing_rate,1487,0.040678,0.040678,0.100987
f_row_missing_rate,1488,0.0474576,0.040678,0.100987
f_row_missing_rate,1489,0.0271186,0.040678,0.100987
f_row_missing_rate,1490,0.0271186,0.040678,0.100987
f_row_missing_rate,1491,0.0271186,0.040678,0.100987
f_row_missing_rate,1492,0.040678,0.040678,0.100987
f_row_missing_rate,1493,0.0542373,0.040678,0.100987
f_row_missing_rate,1494,0.0271186,0.040678,0.100987
f_row_missing_rate,1495,0.040678,0.040678,0.100987
f_row_missing_rate,1496,0.040678,0.040678,0.100987
f_row_missing_rate,1497,0.0271186,0.040678,0.100987
f_row_missing_rate,1498,0.040678,0.040678,0.100987
f_row_missing_rate,1499,0.040678,0.040678,0.100987
f_row_missing_rate,1500,0.040678,0.040678,0.100987
f_row_missing_rate,1501,0.0338983,0.040678,0.100987
f_row_missing_rate,1502,0.0338983,0.040678,0.100987
f_row_missing_rate,1503,0.020339,0.040678,0.100987
f_row_missing_rate,1504,0.040678,0.040678,0.100987
f_row_missing_rate,1505,0.040678,0.040678,0.100987
f_row_missing_rate,1506,0.020339,0.040678,0.100987
f_row_missing_rate,1507,0.0338983,0.040678,0.100987
f_row_missing_rate,1508,0.040678,0.040678,0.100987
f_row_missing_rate,1509,0.0271186,0.040678,0.100987
f_row_missing_rate,1510,0.040678,0.040678,0.100987
f_row_missing_rate,1511,0.0271186,0.040678,0.100987
f_row_missing_rate,1512,0.040678,0.040678,0.100987
f_row_missing_rate,1513,0.040678,0.040678,0.100987
f_row_missing_rate,1514,0.0338983,0.040678,0.100987
f_row_missing_rate,1515,0.0338983,0.040678,0.100987
f_row_missing_rate,1516,0.0338983,0.040678,0.100987
f_row_missing_rate,1517,0.040678,0.040678,0.100987
f_row_missing_rate,1518,0.0271186,0.040678,0.100987
f_row_missing_rate,1519,0.0338983,0.040678,0.100987
f_row_missing_rate,1520,0.020339,0.040678,0.100987
f_row_missing_rate,1521,0.0271186,0.040678,0.100987
f_row_missing_rate,1522,0.040678,0.040678,0.100987
f_row_missing_rate,1523,0.020339,0.040678,0.100987
f_row_missing_rate,1524,0.0338983,0.040678,0.100987
f_row_missing_rate,1525,0.0271186,0.040678,0.100987
f_row_missing_rate,1526,0.0338983,0.040678,0.100987
f_row_missing_rate,1527,0.0338983,0.040678,0.100987
f_row_missing_rate,1528,0.040678,0.040678,0.100987
f_row_missing_rate,1529,0.020339,0.040678,0.100987
f_row_missing_rate,1530,0.0338983,0.040678,0.100987
f_row_missing_rate,1531,0.020339,0.040678,0.100987
f_row_missing_rate,1532,0.0338983,0.040678,0.100987
f_row_missing_rate,1533,0.0474576,0.040678,0.100987
f_row_missing_rate,1534,0.0338983,0.040678,0.100987
f_row_missing_rate,1535,0.0135593,0.040678,0.100987
f_row_missing_rate,1536,0.0338983,0.040678,0.100987
f_row_missing_rate,1537,0.0271186,0.040678,0.100987
f_row_missing_rate,1538,0.040678,0.040678,0.100987
f_row_missing_rate,1539,0.0271186,0.040678,0.100987
f_row_missing_rate,1540,0.0271186,0.040678,0.100987
f_row_missing_rate,1541,0.0271186,0.040678,0.100987
f_row_missing_rate,1542,0.0881356,0.040678,0.100987
f_row_missing_rate,1543,0.0881356,0.040678,0.100987
f_row_missing_rate,1544,0.0813559,0.040678,0.100987
f_row_missing_rate,1545,0.0813559,0.040678,0.100987
f_row_missing_rate,1546,0.0813559,0.040678,0.100987
f_row_missing_rate,1547,0.101695,0.040678,0.100987
f_row_missing_rate,1548,0.0881356,0.040678,0.100987
f_row_missing_rate,1549,0.0949153,0.040678,0.100987
f_row_missing_rate,1550,0.0271186,0.040678,0.100987
f_row_missing_rate,1551,0.101695,0.040678,0.100987
f_row_missing_rate,1552,0.101695,0.040678,0.100987
f_row_missing_rate,1553,0.0881356,0.040678,0.100987
f_row_missing_rate,1554,0.101695,0.040678,0.100987
f_row_missing_rate,1555,0.101695,0.040678,0.100987
f_row_missing_rate,1556,0.0949153,0.040678,0.100987
f_row_missing_rate,1557,0.0813559,0.040678,0.100987
f_row_missing_rate,1558,0.0881356,0.040678,0.100987
f_row_missing_rate,1559,0.0813559,0.040678,0.100987
f_row_missing_rate,1560,0.101695,0.040678,0.100987
f_row_missing_rate,1561,0.237288,0.040678,0.100987
f_row_missing_rate,1562,0.0881356,0.040678,0.100987
f_row_missing_rate,1563,0.0881356,0.040678,0.100987
f_row_missing_rate,1564,0.250847,0.040678,0.100987
f_row_missing_rate,1565,0.101695,0.040678,0.100987
f_row_missing_rate,1566,0.257627,0.040678,0.100987
f_row_missing_rate,1567,0.0271186,0.040678,0.100987
f_row_missing_rate,1568,0.0271186,0.040678,0.100987
f_row_missing_rate,1569,0.0338983,0.040678,0.100987
f_row_missing_rate,1570,0.040678,0.040678,0.100987
f_row_missing_rate,1571,0.040678,0.040678,0.100987
f_row_missing_rate,1572,0.0542373,0.040678,0.100987
f_row_missing_rate,1573,0.020339,0.040678,0.100987
f_row_missing_rate,1574,0.0474576,0.040678,0.100987
f_row_missing_rate,1575,0.040678,0.040678,0.100987
f_row_missing_rate,1576,0.0542373,0.040678,0.100987
f_row_missing_rate,1577,0.0338983,0.040678,0.100987
f_row_missing_rate,1578,0.0271186,0.040678,0.100987
f_row_missing_rate,1579,0.0542373,0.040678,0.100987
f_row_missing_rate,1580,0.040678,0.040678,0.100987
f_row_missing_rate,1581,0.0271186,0.040678,0.100987
f_row_missing_rate,1582,0.0271186,0.040678,0.100987
f_row_missing_rate,1583,0.0474576,0.040678,0.100987
f_row_missing_rate,1584,0.0271186,0.040678,0.100987
f_row_missing_rate,1585,0.0338983,0.040678,0.100987
f_row_missing_rate,1586,0.0677966,0.040678,0.100987
f_row_missing_rate,1587,0.0338983,0.040678,0.100987
f_row_missing_rate,1588,0.0542373,0.040678,0.100987
f_row_missing_rate,1589,0.040678,0.040678,0.100987
f_row_missing_rate,1590,0.040678,0.040678,0.100987
f_row_missing_rate,1591,0.0457627,0.040678,0.100987
f_row_missing_rate,1592,0.0610169,0.040678,0.100987
f_row_missing_rate,1593,0.101695,0.040678,0.100987
f_row_missing_rate,1594,0.0813559,0.040678,0.100987
f_row_missing_rate,1595,0.0474576,0.040678,0.100987
f_row_missing_rate,1596,0.0474576,0.040678,0.100987
f_row_missing_rate,1597,0.0474576,0.040678,0.100987
f_row_missing_rate,1598,0.0474576,0.040678,0.100987
f_row_missing_rate,1599,0.040678,0.040678,0.100987
f_row_missing_rate,1600,0.0813559,0.040678,0.100987
f_row_missing_rate,1601,0.0271186,0.040678,0.100987
f_row_missing_rate,1602,0.0338983,0.040678,0.100987
f_row_missing_rate,1603,0.0271186,0.040678,0.100987
f_row_missing_rate,1604,0.0338983,0.040678,0.100987
f_row_missing_rate,1605,0.0813559,0.040678,0.100987
f_row_missing_rate,1606,0.0949153,0.040678,0.100987
f_row_missing_rate,1607,0.0610169,0.040678,0.100987
f_row_missing_rate,1608,0.0474576,0.040678,0.100987
f_row_missing_rate,1609,0.0271186,0.040678,0.100987
f_row_missing_rate,1610,0.0610169,0.040678,0.100987
f_row_missing_rate,1611,0.0338983,0.040678,0.100987
f_row_missing_rate,1612,0.0338983,0.040678,0.100987
f_row_missing_rate,1613,0.040678,0.040678,0.100987
f_row_missing_rate,1614,0.0338983,0.040678,0.100987
f_row_missing_rate,1615,0.0745763,0.040678,0.100987
f_row_missing_rate,1616,0.0474576,0.040678,0.100987
f_row_missing_rate,1617,0.040678,0.040678,0.100987
f_row_missing_rate,1618,0.020339,0.040678,0.100987
f_row_missing_rate,1619,0.020339,0.040678,0.100987
f_row_missing_rate,1620,0.0610169,0.040678,0.100987
f_row_missing_rate,1621,0.0338983,0.040678,0.100987
f_row_missing_rate,1622,0.0271186,0.040678,0.100987
f_row_missing_rate,1623,0.0474576,0.040678,0.100987
f_row_missing_rate,1624,0.0338983,0.040678,0.100987
f_row_missing_rate,1625,0.0474576,0.040678,0.100987
f_row_missing_rate,1626,0.020339,0.040678,0.100987
f_row_missing_rate,1627,0.0610169,0.040678,0.100987
f_row_missing_rate,1628,0.0542373,0.040678,0.100987
f_row_missing_rate,1629,0.0745763,0.040678,0.100987
f_row_missing_rate,1630,0.0474576,0.040678,0.100987
f_row_missing_rate,1631,0.0949153,0.040678,0.100987
f_row_missing_rate,1632,0.0474576,0.040678,0.100987
f_row_missing_rate,1633,0.0474576,0.040678,0.100987
f_row_missing_rate,1634,0.040678,0.040678,0.100987
f_row_missing_rate,1635,0.0271186,0.040678,0.100987
f_row_missing_rate,1636,0.059322,0.040678,0.100987
f_row_missing_rate,1637,0.0135593,0.040678,0.100987
f_row_missing_rate,1638,0.0271186,0.040678,0.100987
f_row_missing_rate,1639,0.0271186,0.040678,0.100987
f_row_missing_rate,1640,0.0474576,0.040678,0.100987
f_row_missing_rate,1641,0.0677966,0.040678,0.100987
f_row_missing_rate,1642,0.040678,0.040678,0.100987
f_row_missing_rate,1643,0.0271186,0.040678,0.100987
f_row_missing_rate,1644,0.020339,0.040678,0.100987
f_row_missing_rate,1645,0.0542373,0.040678,0.100987
f_row_missing_rate,1646,0.0474576,0.040678,0.100987
f_row_missing_rate,1647,0.0474576,0.040678,0.100987
f_row_missing_rate,1648,0.040678,0.040678,0.100987
f_row_missing_rate,1649,0.0271186,0.040678,0.100987
f_row_missing_rate,1650,0.0474576,0.040678,0.100987
f_row_missing_rate,1651,0.0474576,0.040678,0.100987
f_row_missing_rate,1652,0.040678,0.040678,0.100987
f_row_missing_rate,1653,0.020339,0.040678,0.100987
f_row_missing_rate,1654,0.0271186,0.040678,0.100987
f_row_missing_rate,1655,0.020339,0.040678,0.100987
f_row_missing_rate,1656,0.0474576,0.040678,0.100987
f_row_missing_rate,1657,0.0542373,0.040678,0.100987
f_row_missing_rate,1658,0.0271186,0.040678,0.100987
f_row_missing_rate,1659,0.0542373,0.040678,0.100987
f_row_missing_rate,1660,0.0338983,0.040678,0.100987
f_row_missing_rate,1661,0.0677966,0.040678,0.100987
f_row_missing_rate,1662,0.0135593,0.040678,0.100987
f_row_missing_rate,1663,0.0542373,0.040678,0.100987
f_row_missing_rate,1664,0.0474576,0.040678,0.100987
f_row_missing_rate,1665,0.040678,0.040678,0.100987
f_row_missing_rate,1666,0.020339,0.040678,0.100987
f_row_missing_rate,1667,0.0271186,0.040678,0.100987
f_row_missing_rate,1668,0.0542373,0.040678,0.100987
f_row_missing_rate,1669,0.020339,0.040678,0.100987
f_row_missing_rate,1670,0.0610169,0.040678,0.100987
f_row_missing_rate,1671,0.0474576,0.040678,0.100987
f_row_missing_rate,1672,0.0474576,0.040678,0.100987
f_row_missing_rate,1673,0.0338983,0.040678,0.100987
f_row_missing_rate,1674,0.020339,0.040678,0.100987
f_row_missing_rate,1675,0.0338983,0.040678,0.100987
f_row_missing_rate,1676,0.0610169,0.040678,0.100987
f_row_missing_rate,1677,0.0474576,0.040678,0.100987
f_row_missing_rate,1678,0.0610169,0.040678,0.100987
f_row_missing_rate,1679,0.040678,0.040678,0.100987
f_row_missing_rate,1680,0.0745763,0.040678,0.100987
f_row_missing_rate,1681,0.0474576,0.040678,0.100987
f_row_missing_rate,1682,0.0677966,0.040678,0.100987
f_row_missing_rate,1683,0.0338983,0.040678,0.100987
f_row_missing_rate,1684,0.020339,0.040678,0.100987
f_row_missing_rate,1685,0.0474576,0.040678,0.100987
f_row_missing_rate,1686,0.0474576,0.040678,0.100987
f_row_missing_rate,1687,0.0271186,0.040678,0.100987
f_row_missing_rate,1688,0.040678,0.040678,0.100987
f_row_missing_rate,1689,0.0745763,0.040678,0.100987
f_row_missing_rate,1690,0.0135593,0.040678,0.100987
f_row_missing_rate,1691,0.0610169,0.040678,0.100987
f_row_missing_rate,1692,0.0610169,0.040678,0.100987
f_row_missing_rate,1693,0.0135593,0.040678,0.100987
f_row_missing_rate,1694,0.0610169,0.040678,0.100987
f_row_missing_rate,1695,0.0271186,0.040678,0.100987
f_row_missing_rate,1696,0.040678,0.040678,0.100987
f_row_missing_rate,1697,0.0745763,0.040678,0.100987
f_row_missing_rate,1698,0.040678,0.040678,0.100987
f_row_missing_rate,1699,0.0474576,0.040678,0.100987
f_row_missing_rate,1700,0.0271186,0.040678,0.100987
f_row_missing_rate,1701,0.0338983,0.040678,0.100987
f_row_missing_rate,1702,0.0338983,0.040678,0.100987
f_row_missing_rate,1703,0.0542373,0.040678,0.100987
f_row_missing_rate,1704,0.020339,0.040678,0.100987
f_row_missing_rate,1705,0.0661017,0.040678,0.100987
f_row_missing_rate,1706,0.0338983,0.040678,0.100987
f_row_missing_rate,1707,0.0610169,0.040678,0.100987
f_row_missing_rate,1708,0.0135593,0.040678,0.100987
f_row_missing_rate,1709,0.0677966,0.040678,0.100987
f_row_missing_rate,1710,0.0338983,0.040678,0.100987
f_row_missing_rate,1711,0.0677966,0.040678,0.100987
f_row_missing_rate,1712,0.0610169,0.040678,0.100987
f_row_missing_rate,1713,0.0338983,0.040678,0.100987
f_row_missing_rate,1714,0.020339,0.040678,0.100987
f_row_missing_rate,1715,0.0542373,0.040678,0.100987
f_row_missing_rate,1716,0.0271186,0.040678,0.100987
f_row_missing_rate,1717,0.0338983,0.040678,0.100987
f_row_missing_rate,1718,0.020339,0.040678,0.100987
f_row_missing_rate,1719,0.0338983,0.040678,0.100987
f_row_missing_rate,1720,0.0677966,0.040678,0.100987
f_row_missing_rate,1721,0.0610169,0.040678,0.100987
f_row_missing_rate,1722,0.0271186,0.040678,0.100987
f_row_missing_rate,1723,0.0338983,0.040678,0.100987
f_row_missing_rate,1724,0.0338983,0.040678,0.100987
f_row_missing_rate,1725,0.0135593,0.040678,0.100987
f_row_missing_rate,1726,0.0745763,0.040678,0.100987
f_row_missing_rate,1727,0.0474576,0.040678,0.100987
f_row_missing_rate,1728,0.0677966,0.040678,0.100987
f_row_missing_rate,1729,0.0542373,0.040678,0.100987
f_row_missing_rate,1730,0.020339,0.040678,0.100987
f_row_missing_rate,1731,0.040678,0.040678,0.100987
f_row_missing_rate,1732,0.0338983,0.040678,0.100987
f_row_missing_rate,1733,0.0338983,0.040678,0.100987
f_row_missing_rate,1734,0.020339,0.040678,0.100987
f_row_missing_rate,1735,0.0135593,0.040678,0.100987
f_row_missing_rate,1736,0.0542373,0.040678,0.100987
f_row_missing_rate,1737,0.0610169,0.040678,0.100987
f_row_missing_rate,1738,0.0271186,0.040678,0.100987
f_row_missing_rate,1739,0.0338983,0.040678,0.100987
f_row_missing_rate,1740,0.040678,0.040678,0.100987
f_row_missing_rate,1741,0.0474576,0.040678,0.100987
f_row_missing_rate,1742,0.040678,0.040678,0.100987
f_row_missing_rate,1743,0.0610169,0.040678,0.100987
f_row_missing_rate,1744,0.0271186,0.040678,0.100987
f_row_missing_rate,1745,0.020339,0.040678,0.100987
f_row_missing_rate,1746,0.020339,0.040678,0.100987
f_row_missing_rate,1747,0.059322,0.040678,0.100987
f_row_missing_rate,1748,0.040678,0.040678,0.100987
f_row_missing_rate,1749,0.0610169,0.040678,0.100987
f_row_missing_rate,1750,0.0745763,0.040678,0.100987
f_row_missing_rate,1751,0.0338983,0.040678,0.100987
f_row_missing_rate,1752,0.0271186,0.040678,0.100987
f_row_missing_rate,1753,0.0542373,0.040678,0.100987
f_row_missing_rate,1754,0.020339,0.040678,0.100987
f_row_missing_rate,1755,0.0610169,0.040678,0.100987
f_row_missing_rate,1756,0.0474576,0.040678,0.100987
f_row_missing_rate,1757,0.0542373,0.040678,0.100987
f_row_missing_rate,1758,0.0474576,0.040678,0.100987
f_row_missing_rate,1759,0.0474576,0.040678,0.100987
f_row_missing_rate,1760,0.040678,0.040678,0.100987
f_row_missing_rate,1761,0.0271186,0.040678,0.100987
f_row_missing_rate,1762,0.040678,0.040678,0.100987
f_row_missing_rate,1763,0.0135593,0.040678,0.100987
f_row_missing_rate,1764,0.0610169,0.040678,0.100987
f_row_missing_rate,1765,0.020339,0.040678,0.100987
f_row_missing_rate,1766,0.0474576,0.040678,0.100987
f_row_missing_rate,1767,0.0881356,0.040678,0.100987
f_row_missing_rate,1768,0.0661017,0.040678,0.100987
f_row_missing_rate,1769,0.0338983,0.040678,0.100987
f_row_missing_rate,1770,0.0677966,0.040678,0.100987
f_row_missing_rate,1771,0.020339,0.040678,0.100987
f_row_missing_rate,1772,0.0271186,0.040678,0.100987
f_row_missing_rate,1773,0.0474576,0.040678,0.100987
f_row_missing_rate,1774,0.0813559,0.040678,0.100987
f_row_missing_rate,1775,0.0474576,0.040678,0.100987
f_row_missing_rate,1776,0.0728814,0.040678,0.100987
f_row_missing_rate,1777,0.0271186,0.040678,0.100987
f_row_missing_rate,1778,0.0610169,0.040678,0.100987
f_row_missing_rate,1779,0.0474576,0.040678,0.100987
f_row_missing_rate,1780,0.0610169,0.040678,0.100987
f_row_missing_rate,1781,0.0610169,0.040678,0.100987
f_row_missing_rate,1782,0.0271186,0.040678,0.100987
f_row_missing_rate,1783,0.0745763,0.040678,0.100987
f_row_missing_rate,1784,0.0271186,0.040678,0.100987
f_row_missing_rate,1785,0.040678,0.040678,0.100987
f_row_missing_rate,1786,0.0474576,0.040678,0.100987
f_row_missing_rate,1787,0.0271186,0.040678,0.100987
f_row_missing_rate,1788,0.040678,0.040678,0.100987
f_row_missing_rate,1789,0.0338983,0.040678,0.100987
f_row_missing_rate,1790,0.0135593,0.040678,0.100987
f_row_missing_rate,1791,0.0525424,0.040678,0.100987
f_row_missing_rate,1792,0.0474576,0.040678,0.100987
f_row_missing_rate,1793,0.0677966,0.040678,0.100987
f_row_missing_rate,1794,0.0542373,0.040678,0.100987
f_row_missing_rate,1795,0.040678,0.040678,0.100987
f_row_missing_rate,1796,0.0271186,0.040678,0.100987
f_row_missing_rate,1797,0.0610169,0.040678,0.100987
f_row_missing_rate,1798,0.020339,0.040678,0.100987
f_row_missing_rate,1799,0.0677966,0.040678,0.100987
f_row_missing_rate,1800,0.0271186,0.040678,0.100987
f_row_missing_rate,1801,0.0338983,0.040678,0.100987
f_row_missing_rate,1802,0.0474576,0.040678,0.100987
f_row_missing_rate,1803,0.0542373,0.040678,0.100987
f_row_missing_rate,1804,0.0271186,0.040678,0.100987
f_row_missing_rate,1805,0.040678,0.040678,0.100987
f_row_missing_rate,1806,0.0338983,0.040678,0.100987
f_row_missing_rate,1807,0.0542373,0.040678,0.100987
f_row_missing_rate,1808,0.040678,0.040678,0.100987
f_row_missing_rate,1809,0.0745763,0.040678,0.100987
f_row_missing_rate,1810,0.0542373,0.040678,0.100987
f_row_missing_rate,1811,0.0271186,0.040678,0.100987
f_row_missing_rate,1812,0.0745763,0.040678,0.100987
f_row_missing_rate,1813,0.0474576,0.040678,0.100987
f_row_missing_rate,1814,0.0610169,0.040678,0.100987
f_row_missing_rate,1815,0.040678,0.040678,0.100987
f_row_missing_rate,1816,0.0661017,0.040678,0.100987
f_row_missing_rate,1817,0.169492,0.040678,0.100987
f_row_missing_rate,1818,0.040678,0.040678,0.100987
f_row_missing_rate,1819,0.0271186,0.040678,0.100987
f_row_missing_rate,1820,0.0745763,0.040678,0.100987
f_row_missing_rate,1821,0.0677966,0.040678,0.100987
f_row_missing_rate,1822,0.0271186,0.040678,0.100987
f_row_missing_rate,1823,0.0542373,0.040678,0.100987
f_row_missing_rate,1824,0.0271186,0.040678,0.100987
f_row_missing_rate,1825,0.0677966,0.040678,0.100987
f_row_missing_rate,1826,0.0542373,0.040678,0.100987
f_row_missing_rate,1827,0.059322,0.040678,0.100987
f_row_missing_rate,1828,0.020339,0.040678,0.100987
f_row_missing_rate,1829,0.0271186,0.040678,0.100987
f_row_missing_rate,1830,0.040678,0.040678,0.100987
f_row_missing_rate,1831,0.040678,0.040678,0.100987
f_row_missing_rate,1832,0.040678,0.040678,0.100987
f_row_missing_rate,1833,0.0457627,0.040678,0.100987
f_row_missing_rate,1834,0.0135593,0.040678,0.100987
f_row_missing_rate,1835,0.0271186,0.040678,0.100987
f_row_missing_rate,1836,0.0474576,0.040678,0.100987
f_row_missing_rate,1837,0.020339,0.040678,0.100987
f_row_missing_rate,1838,0.0813559,0.040678,0.100987
f_row_missing_rate,1839,0.040678,0.040678,0.100987
f_row_missing_rate,1840,0.0542373,0.040678,0.100987
f_row_missing_rate,1841,0.0338983,0.040678,0.100987
f_row_missing_rate,1842,0.0338983,0.040678,0.100987
f_row_missing_rate,1843,0.0745763,0.040678,0.100987
f_row_missing_rate,1844,0.0338983,0.040678,0.100987
f_row_missing_rate,1845,0.0542373,0.040678,0.100987
f_row_missing_rate,1846,0.0474576,0.040678,0.100987
f_row_missing_rate,1847,0.0135593,0.040678,0.100987
f_row_missing_rate,1848,0.0677966,0.040678,0.100987
f_row_missing_rate,1849,0.020339,0.040678,0.100987
f_row_missing_rate,1850,0.0338983,0.040678,0.100987
f_row_missing_rate,1851,0.040678,0.040678,0.100987
f_row_missing_rate,1852,0.020339,0.040678,0.100987
f_row_missing_rate,1853,0.0864407,0.040678,0.100987
f_row_missing_rate,1854,0.0813559,0.040678,0.100987
f_row_missing_rate,1855,0.020339,0.040678,0.100987
f_row_missing_rate,1856,0.0542373,0.040678,0.100987
f_row_missing_rate,1857,0.0745763,0.040678,0.100987
f_row_missing_rate,1858,0.0474576,0.040678,0.100987
f_row_missing_rate,1859,0.0338983,0.040678,0.100987
f_row_missing_rate,1860,0.0457627,0.040678,0.100987
f_row_missing_rate,1861,0.0474576,0.040678,0.100987
f_row_missing_rate,1862,0.0610169,0.040678,0.100987
f_row_missing_rate,1863,0.0542373,0.040678,0.100987
f_row_missing_rate,1864,0.020339,0.040678,0.100987
f_row_missing_rate,1865,0.0542373,0.040678,0.100987
f_row_missing_rate,1866,0.0338983,0.040678,0.100987
